,PS1,PS3,PS4,PS5,EPS1,VS1
661,0.21165807808151554,0.06329298196641964,0.0003826407266566932,0.09796440470453488,0.1389808800223532,0.17297560882736274
1191,0.2082058588608568,0.06639182442524659,-0.0027699427100366138,0.0984657954897075,0.14502982650161172,0.13244824279779668
1365,0.2072964482195026,0.06646016045775266,-0.0026709106458283616,0.0985359631336193,0.14416908570029802,0.13398085849983832
1332,0.2085311397668888,0.06617756828837625,-0.0031917336010976495,0.0979619692249739,0.1494572233510223,0.1274917628646955
1652,0.19259794318583606,0.04792556409666532,0.18609620327536652,0.06822896932691508,0.13529178733421693,0.12184653387882512
669,0.214990295606803,0.06303721558639659,0.0009521061723605125,0.09808442019891844,0.14100236898599608,0.17776992284534296
396,0.18087558058153813,0.04100425636719397,0.1695799332269236,0.06943878038434975,0.12999926517364874,0.1541095186315499
2110,0.18811176170878113,0.0403794882658528,0.18205912825510404,0.07227404700832765,0.1355368706205859,0.12341102461990329
1875,0.18812049185439655,0.04047844670756415,0.18204830817613377,0.07227772878761837,0.1352743422701101,0.12357300268273196
2135,0.18812049185439655,0.04047844670756415,0.18204830817613377,0.07227772878761837,0.1352743422701101,0.12357300268273196
119,0.20995135444882684,0.06650813987875605,-0.0010865718193541207,0.10133827786108593,0.1422819222109063,0.15261279081665755
269,0.209015806980846,0.06706041440996778,-0.0009615740573964172,0.10092010593499119,0.142859279425311,0.14225615923671828
497,0.21501852245219003,0.0630128272399092,0.0009516641490735882,0.09778767074018996,0.14099742747872873,0.17806821733572584
1960,0.18811176170878113,0.0403794882658528,0.18205912825510404,0.07227404700832765,0.1355368706205859,0.12341102461990329
610,0.21505382058287198,0.06409127152101561,0.011491457347482133,0.09553296830223738,0.1398420754093855,0.1822851626932506
637,0.19925776711028934,0.05116010462573167,0.12684014299702812,0.07372367056424281,0.1331182429941857,0.1666282110418444
359,0.21894156329402437,0.06351517142731125,0.0020580502541892413,0.09728395928546234,0.14291211216077743,0.18665957839030445
1200,0.2081976046404581,0.06639346220441684,-0.0027701137446650183,0.09841940671804482,0.14503096739917667,0.13250027814775112
881,0.2099667692347988,0.06602546921298204,-0.0031842109505297277,0.09883040744287337,0.14935564999891682,0.1254338449558177
1862,0.18812049185439655,0.04047844670756415,0.18204830817613377,0.07227772878761837,0.1352743422701101,0.12357300268273196
1885,0.18811176170878113,0.0403794882658528,0.18205912825510404,0.07227404700832765,0.1355368706205859,0.12341102461990329
1490,0.18837720743315928,0.041664647322300546,0.18083699016850735,0.07076718360736826,0.1350544477761505,0.1292993221260197
706,0.20906153335178002,0.06705332547699715,-0.0009857242486164576,0.10081316672211645,0.14308117914573712,0.14212671148242353
1474,0.18866041743068218,0.04121714290223434,0.18106007456869636,0.07075323229856655,0.13378391473522885,0.12770574455113717
949,0.2072964482195026,0.06646016045775266,-0.0026709106458283616,0.0985359631336193,0.14416908570029802,0.13398085849983832
1380,0.2082178547133875,0.06642051700780617,-0.002769815026355992,0.09849801043322051,0.1450284730429968,0.13237656519412774
1256,0.20822741097775466,0.06643007327217333,-0.002771688630207724,0.09849733275035402,0.14502814051890842,0.13236033647619994
1809,0.18811176170878113,0.0403794882658528,0.18205912825510404,0.07227404700832765,0.1355368706205859,0.12341102461990329
334,0.20904113095082472,0.06710920446082151,-0.0009860705657008702,0.1004373824285716,0.14319896600071833,0.1423495786552027
1557,0.18812049185439655,0.04047844670756415,0.18204830817613377,0.07227772878761837,0.1352743422701101,0.12357300268273196
1752,0.18804079217406644,0.04061943898245961,0.18170597069990688,0.07202671305824244,0.1352996541821281,0.1240797513817515
2118,0.18812049185439655,0.04047844670756415,0.18204830817613377,0.07227772878761837,0.1352743422701101,0.12357300268273196
1858,0.18812049185439655,0.04047844670756415,0.18204830817613377,0.07227772878761837,0.1352743422701101,0.12357300268273196
1660,0.18812049185439655,0.04047844670756415,0.18204830817613377,0.07227772878761837,0.1352743422701101,0.12357300268273196
1232,0.2082058588608568,0.06639182442524659,-0.0027699427100366138,0.0984657954897075,0.14502982650161172,0.13244824279779668
20,0.20822741097775466,0.06643007327217333,-0.002771688630207724,0.09849733275035402,0.14502814051890842,0.13236033647619994
1127,0.2082178547133875,0.06642051700780617,-0.002769815026355992,0.09849801043322051,0.1450284730429968,0.13237656519412774
1735,0.18811229127934842,0.040375457609420864,0.18204234674942155,0.07227459849753408,0.13554293546828508,0.12342469087454443
537,0.21098595434176554,0.06290836387342189,0.024285038528165607,0.09211191747920985,0.13927120561827885,0.17596598829072396
1296,0.2082058588608568,0.06639182442524659,-0.0027699427100366138,0.0984657954897075,0.14502982650161172,0.13244824279779668
1903,0.18811229127934842,0.040375457609420864,0.18204234674942155,0.07227459849753408,0.13554293546828508,0.12342469087454443
1890,0.18811176170878113,0.0403794882658528,0.18205912825510404,0.07227404700832765,0.1355368706205859,0.12341102461990329
59,0.20802064660303646,0.06664777370194623,-0.002859551404668915,0.09995021031839697,0.142910951476142,0.13175789920000652
102,0.20891543365007337,0.06706254727784576,-0.0009588707309707602,0.10081973260421857,0.1429350794440304,0.14237626968524067
758,0.21134421414269877,0.0655565755541984,-0.0031721241925733827,0.09930983147627812,0.15068651072256312,0.12808308305574906
476,0.21165807808151554,0.06329298196641964,0.0003826407266566932,0.09796440470453488,0.1389808800223532,0.17297560882736274
1107,0.2082058588608568,0.06639182442524659,-0.0027699427100366138,0.0984657954897075,0.14502982650161172,0.13244824279779668
146,0.21068224970712315,0.06606359943629407,-0.0010930268011758622,0.1011601899259796,0.141109624046082,0.15368327708257576
626,0.212162341376804,0.06271262231347287,0.02378064464132135,0.09238403432698024,0.13886189260564621,0.1797807698273274
1482,0.18459409377484157,0.047493921976574136,0.20036600907171875,0.06981424700434512,0.13421139471382082,0.12193724607351021
2074,0.18810717412322034,0.0404729660339702,0.18215260602322136,0.07226837585896388,0.13557901000320374,0.12319218843597514
1184,0.21136543213938197,0.06556224686702619,-0.003172666886328803,0.09906710155360285,0.15070608921266093,0.128279887872571
671,0.20388240027294263,0.056689585879546284,0.060267348434462104,0.08751502913787745,0.139021101682656,0.16884072605795136
1208,0.21134421414269877,0.0655565755541984,-0.0031721241925733827,0.09930983147627812,0.15068651072256312,0.12808308305574906
309,0.2103680120299415,0.06650588928201452,-0.0010854776633456575,0.10131026519315392,0.14210288659507897,0.15240433796003514
666,0.21259449544127357,0.06429877487260846,-0.00036459094495617725,0.09861564717976183,0.14023926140761564,0.16167071890979506
2039,0.18812049185439655,0.04047844670756415,0.18204830817613377,0.07227772878761837,0.1352743422701101,0.12357300268273196
1417,0.20247059381116836,0.0604115437828303,0.058523991004655176,0.08947628369892612,0.14702409137652858,0.12287522362281732
1915,0.18814404583020183,0.04104987224721729,0.1823857506540766,0.07256603413872141,0.13589548345984534,0.12173113414849208
893,0.2099667692347988,0.06602546921298204,-0.0031842109505297277,0.09883040744287337,0.14935564999891682,0.1254338449558177
1936,0.18816235399784975,0.041051118118611646,0.18239106325689303,0.07250462985577279,0.13583407917689672,0.12182907607253064
261,0.20906153335178002,0.06705332547699715,-0.0009857242486164576,0.10081316672211645,0.14308117914573712,0.14212671148242353
695,0.2079535633642951,0.06650188490224106,-0.0028575180039652065,0.09999599084702118,0.1428743810393203,0.13195962774594647
884,0.21136543213938197,0.06556224686702619,-0.003172666886328803,0.09906710155360285,0.15070608921266093,0.128279887872571
1966,0.18811229127934842,0.040375457609420864,0.18204234674942155,0.07227459849753408,0.13554293546828508,0.12342469087454443
224,0.20973990105550577,0.06681288499734347,-0.0011779083204973596,0.10051300712887352,0.14192445659452932,0.15243377595823032
175,0.2100648156245561,0.06671866780878159,-0.0011921053496271837,0.10159987861511753,0.14461208558181854,0.14844277513333853
1965,0.18810717412322034,0.0404729660339702,0.18215260602322136,0.07226837585896388,0.13557901000320374,0.12319218843597514
530,0.213054839654293,0.06410971214039644,-0.00029144444731019417,0.09845499198606411,0.14027507859362168,0.16281553280838226
1511,0.1907912180575852,0.04949252621142433,0.20185359153723553,0.07205319919207132,0.12717468783101138,0.12146683010978039
2086,0.18812049185439655,0.04047844670756415,0.18204830817613377,0.07227772878761837,0.1352743422701101,0.12357300268273196
2164,0.18812049185439655,0.04047844670756415,0.18204830817613377,0.07227772878761837,0.1352743422701101,0.12357300268273196
78,0.20802064660303646,0.06664777370194623,-0.002859551404668915,0.09995021031839697,0.142910951476142,0.13175789920000652
382,0.20917684981759443,0.056982963349004864,0.09003325415367354,0.08572229356077456,0.1391018097239837,0.16905282975236935
2,0.21574893636342407,0.06550913207969299,-0.004665939413776469,0.10055804308206322,0.14888071649188347,0.12292808812709154
1923,0.18816235399784975,0.041051118118611646,0.18239106325689303,0.07250462985577279,0.13583407917689672,0.12182907607253064
88,0.2080464252407159,0.0666442802218453,-0.0028593050968243154,0.10001118714371099,0.14293462604966647,0.13165071633574457
1385,0.2082178547133875,0.06642051700780617,-0.002769815026355992,0.09849801043322051,0.1450284730429968,0.13237656519412774
1947,0.18811229127934842,0.040375457609420864,0.18204234674942155,0.07227459849753408,0.13554293546828508,0.12342469087454443
1070,0.2080050742326952,0.06634502729157643,-0.003325532820463238,0.09795025357166742,0.14943197649135678,0.12667836446265776
358,0.2030542317995916,0.05346942292502806,0.10319743743890013,0.07906394306654431,0.13635529505102106,0.17276214317080787
409,0.1909823486669792,0.050646983155591074,0.15355210684349313,0.06880485458547009,0.13063546849144922,0.16821029119612513
1946,0.18811229127934842,0.040375457609420864,0.18204234674942155,0.07227459849753408,0.13554293546828508,0.12342469087454443
740,0.20691248975928156,0.05953877319904348,0.08256237053158809,0.08765112083606962,0.15051041383193176,0.12687664778687133
273,0.209015806980846,0.06706041440996778,-0.0009615740573964172,0.10092010593499119,0.142859279425311,0.14225615923671828
1336,0.18396655672683263,0.04668483792288422,0.17131227588938772,0.06272694294918982,0.13565780845891787,0.13431595753084122
1508,0.18244612489215947,0.04446774995201451,0.19261556623576867,0.07378442464074418,0.14110520296971227,0.12281296508188917
506,0.213329294033467,0.06312665578545677,0.0004078746652347899,0.09790349042602263,0.1393998390003068,0.17520008450997998
726,0.20686504091640456,0.06664791142113105,-0.0026827542260400745,0.09942448493654159,0.14340009801066544,0.1327731488361562
1132,0.2099637945258932,0.06613615922006293,-0.003188261610155275,0.09882092258073621,0.14935366133163205,0.12534165384668983
325,0.20904196306358547,0.06709487997909254,-0.0009861349618575967,0.10043836485051202,0.14318464151898933,0.14237647748011614
1202,0.2082058588608568,0.06639182442524659,-0.0027699427100366138,0.0984657954897075,0.14502982650161172,0.13244824279779668
2116,0.18812049185439655,0.04047844670756415,0.18204830817613377,0.07227772878761837,0.1352743422701101,0.12357300268273196
237,0.20971406593935638,0.06679785952508609,-0.0011777251265266027,0.10081905269660252,0.14223050216225838,0.15186236221720822
1984,0.18811229127934842,0.040375457609420864,0.18204234674942155,0.07227459849753408,0.13554293546828508,0.12342469087454443
1926,0.18814404583020183,0.04104987224721729,0.1823857506540766,0.07256603413872141,0.13589548345984534,0.12173113414849208
819,0.2099667692347988,0.06602546921298204,-0.0031842109505297277,0.09883040744287337,0.14935564999891682,0.1254338449558177
715,0.20689344450632838,0.0668112482656953,-0.002682393267573281,0.09998508147186815,0.14282232464529596,0.1325982242732444
1201,0.2085311397668888,0.06617756828837625,-0.0031917336010976495,0.0979619692249739,0.1494572233510223,0.1274917628646955
1228,0.20822741097775466,0.06643007327217333,-0.002771688630207724,0.09849733275035402,0.14502814051890842,0.13236033647619994
256,0.209015806980846,0.06706041440996778,-0.0009615740573964172,0.10092010593499119,0.142859279425311,0.14225615923671828
1718,0.18814404583020183,0.04104987224721729,0.1823857506540766,0.07256603413872141,0.13589548345984534,0.12173113414849208
1746,0.18812049185439655,0.04047844670756415,0.18204830817613377,0.07227772878761837,0.1352743422701101,0.12357300268273196
1935,0.18811176170878113,0.0403794882658528,0.18205912825510404,0.07227404700832765,0.1355368706205859,0.12341102461990329
347,0.18388862140714538,0.04225328533793174,0.15983542664343353,0.06925754439669639,0.1297506209110455,0.17133176415889664
1096,0.2082058588608568,0.06639182442524659,-0.0027699427100366138,0.0984657954897075,0.14502982650161172,0.13244824279779668
727,0.20822741097775466,0.06643007327217333,-0.002771688630207724,0.09849733275035402,0.14502814051890842,0.13236033647619994
679,0.21331943220175886,0.06312703445379135,0.00040783271862893447,0.09789362859431454,0.13940023435540935,0.175219076096565
317,0.20904113095082472,0.06710920446082151,-0.0009860705657008702,0.1004373824285716,0.14319896600071833,0.1423495786552027
1709,0.18818901402078178,0.04107341109280126,0.18218214302675959,0.07229570962563933,0.13562515894676327,0.12240688376580931
1891,0.18811229127934842,0.040375457609420864,0.18204234674942155,0.07227459849753408,0.13554293546828508,0.12342469087454443
2069,0.18811176170878113,0.0403794882658528,0.18205912825510404,0.07227404700832765,0.1355368706205859,0.12341102461990329
821,0.2080050742326952,0.06634502729157643,-0.003325532820463238,0.09795025357166742,0.14943197649135678,0.12667836446265776
550,0.21668895452396508,0.06376312624742171,0.0011527132087609492,0.09776143437175176,0.14033183383258352,0.1802724114870824
1418,0.20451930178484215,0.06534540617297105,0.020851346786817024,0.0911543826527482,0.14797260200496704,0.12564579167738626
743,0.2099667692347988,0.06602546921298204,-0.0031842109505297277,0.09883040744287337,0.14935564999891682,0.1254338449558177
2171,0.18810717412322034,0.0404729660339702,0.18215260602322136,0.07226837585896388,0.13557901000320374,0.12319218843597514
1569,0.18837720743315928,0.041664647322300546,0.18083699016850735,0.07076718360736826,0.1350544477761505,0.1292993221260197
919,0.20686504091640456,0.06664791142113105,-0.0026827542260400745,0.09942448493654159,0.14340009801066544,0.1327731488361562
1505,0.18836792124463309,0.040648962885264456,0.18094069848622518,0.07144756495281544,0.13501044215901215,0.1253567307506047
1424,0.2082178547133875,0.06642051700780617,-0.002769815026355992,0.09849801043322051,0.1450284730429968,0.13237656519412774
827,0.21136543213938197,0.06556224686702619,-0.003172666886328803,0.09906710155360285,0.15070608921266093,0.128279887872571
1049,0.2082178547133875,0.06642051700780617,-0.002769815026355992,0.09849801043322051,0.1450284730429968,0.13237656519412774
1644,0.19566408576747638,0.04827310458858325,0.17257405222153469,0.07003333897101541,0.13801871088304798,0.12417785950163497
1740,0.18811176170878113,0.0403794882658528,0.18205912825510404,0.07227404700832765,0.1355368706205859,0.12341102461990329
527,0.20687645848794772,0.06687801493797343,-0.0026822926058103144,0.10005186051794994,0.1429247561007227,0.1323791324560755
1367,0.2072964482195026,0.06646016045775266,-0.0026709106458283616,0.0985359631336193,0.14416908570029802,0.13398085849983832
2142,0.18812049185439655,0.04047844670756415,0.18204830817613377,0.07227772878761837,0.1352743422701101,0.12357300268273196
712,0.20686504091640456,0.06664791142113105,-0.0026827542260400745,0.09942448493654159,0.14340009801066544,0.1327731488361562
2115,0.18812049185439655,0.04047844670756415,0.18204830817613377,0.07227772878761837,0.1352743422701101,0.12357300268273196
1526,0.1918976644278505,0.046916320720100727,0.1752058220545512,0.0652702702256595,0.1366001384660144,0.12439344617207486
1100,0.2082178547133875,0.06642051700780617,-0.002769815026355992,0.09849801043322051,0.1450284730429968,0.13237656519412774
754,0.2099667692347988,0.06602546921298204,-0.0031842109505297277,0.09883040744287337,0.14935564999891682,0.1254338449558177
195,0.21079954165418993,0.06653655339360806,-0.0010542744897527878,0.10086888824658423,0.14134936589002753,0.1531058387022216
8,0.21751155645165876,0.06550043346537877,-0.00464774958189812,0.0998474320995837,0.14942699746991656,0.12132030682573912
923,0.20686693894809272,0.06663532508479313,-0.0026829340487999308,0.09941189860020373,0.14338751167432753,0.13280918963624178
1175,0.2082058588608568,0.06639182442524659,-0.0027699427100366138,0.0984657954897075,0.14502982650161172,0.13244824279779668
1572,0.19083578576511218,0.04945901252176667,0.20099911812387816,0.0712248942842011,0.12705867442891197,0.12325456781523807
1144,0.20822741097775466,0.06643007327217333,-0.002771688630207724,0.09849733275035402,0.14502814051890842,0.13236033647619994
1115,0.20822741097775466,0.06643007327217333,-0.002771688630207724,0.09849733275035402,0.14502814051890842,0.13236033647619994
933,0.20729157937172243,0.066622281111976,-0.0026820137882264568,0.09853052402868455,0.1441661146722083,0.1338431199688177
450,0.20781555211174713,0.06661134116099636,-0.002660496058972849,0.10000433186621215,0.14251666497602747,0.13214053583884883
1278,0.2082178547133875,0.06642051700780617,-0.002769815026355992,0.09849801043322051,0.1450284730429968,0.13237656519412774
632,0.19723521434948166,0.051694526539433586,0.13813606194221137,0.07100102790143482,0.13230073768480383,0.17246448452174284
1033,0.20822741097775466,0.06643007327217333,-0.002771688630207724,0.09849733275035402,0.14502814051890842,0.13236033647619994
1244,0.20777557597909857,0.06631607665794755,0.008000055711392538,0.09702374987816556,0.14393900242340438,0.13283025479862268
1879,0.18812049185439655,0.04047844670756415,0.18204830817613377,0.07227772878761837,0.1352743422701101,0.12357300268273196
1798,0.18811176170878113,0.0403794882658528,0.18205912825510404,0.07227404700832765,0.1355368706205859,0.12341102461990329
2175,0.18812049185439655,0.04047844670756415,0.18204830817613377,0.07227772878761837,0.1352743422701101,0.12357300268273196
1744,0.18812049185439655,0.04047844670756415,0.18204830817613377,0.07227772878761837,0.1352743422701101,0.12357300268273196
1582,0.18836792124463309,0.040648962885264456,0.18094069848622518,0.07144756495281544,0.13501044215901215,0.1253567307506047
973,0.20686504091640456,0.06664791142113105,-0.0026827542260400745,0.09942448493654159,0.14340009801066544,0.1327731488361562
1379,0.20822741097775466,0.06643007327217333,-0.002771688630207724,0.09849733275035402,0.14502814051890842,0.13236033647619994
1975,0.18812049185439655,0.04047844670756415,0.18204830817613377,0.07227772878761837,0.1352743422701101,0.12357300268273196
37,0.20780585700870724,0.0665593702552095,-0.0026667711482490745,0.10003342087652463,0.1424151729552334,0.13228087994743315
1751,0.18812049185439655,0.04047844670756415,0.18204830817613377,0.07227772878761837,0.1352743422701101,0.12357300268273196
2125,0.18804079217406644,0.04061943898245961,0.18170597069990688,0.07202671305824244,0.1352996541821281,0.1240797513817515
1195,0.2080050742326952,0.06634502729157643,-0.003325532820463238,0.09795025357166742,0.14943197649135678,0.12667836446265776
1467,0.1806372598679275,0.04035817691098384,0.17752938349815098,0.06912957434319918,0.1332005689527979,0.13529405094044222
1134,0.2082178547133875,0.06642051700780617,-0.002769815026355992,0.09849801043322051,0.1450284730429968,0.13237656519412774
1691,0.18811229127934842,0.040375457609420864,0.18204234674942155,0.07227459849753408,0.13554293546828508,0.12342469087454443
1723,0.18814404583020183,0.04104987224721729,0.1823857506540766,0.07256603413872141,0.13589548345984534,0.12173113414849208
425,0.21499134234757875,0.06300826182629593,0.0009521032634597255,0.09809020734091516,0.14097341522589546,0.17782099939167248
520,0.2133117808864725,0.063119383138505,0.0004078121847044848,0.09789430793547597,0.13939258304012295,0.1752413712351873
223,0.2101978503810169,0.06677112752662649,-0.0011778390660848355,0.10130283713826305,0.14269709007529013,0.15045505135887333
1269,0.20822741097775466,0.06643007327217333,-0.002771688630207724,0.09849733275035402,0.14502814051890842,0.13236033647619994
1651,0.18818088834919075,0.04785960875004633,0.19932903589860357,0.07086356712983236,0.1313339895436371,0.12226929426529691
387,0.21017981689045284,0.06676830424733549,-0.0011889259239198056,0.1014516949380674,0.1426631132738311,0.15037211398821815
1457,0.20995587985640948,0.06613165056131921,-0.0031890827249010587,0.09899622834220058,0.14938396096140466,0.12514929289842613
1768,0.18812049185439655,0.04047844670756415,0.18204830817613377,0.07227772878761837,0.1352743422701101,0.12357300268273196
1441,0.2099637945258932,0.06613615922006293,-0.003188261610155275,0.09882092258073621,0.14935366133163205,0.12534165384668983
1634,0.1907850190722492,0.048311837422965645,0.19156552234184987,0.06850408948360455,0.13410469156052687,0.1215470379103019
221,0.21017981689045284,0.06676830424733549,-0.0011889259239198056,0.1014516949380674,0.1426631132738311,0.15037211398821815
854,0.20937514232993726,0.0664586910506469,0.00600219979483194,0.09779008400830162,0.14883556496702882,0.12607387046485272
459,0.20687078473289805,0.0668783022994193,-0.0026822926058103144,0.10005220756751164,0.1429190823456729,0.1323898455551675
1062,0.2085311397668888,0.06617756828837625,-0.0031917336010976495,0.0979619692249739,0.1494572233510223,0.1274917628646955
1836,0.18812049185439655,0.04047844670756415,0.18204830817613377,0.07227772878761837,0.1352743422701101,0.12357300268273196
389,0.20249535369073535,0.05049543498349261,0.12389750867338979,0.07487318728986424,0.13582345040143712,0.15327007940551934
488,0.2079715138724324,0.056671490809648506,0.08681961689553869,0.08619266518329369,0.1385926467869812,0.1695863357045789
526,0.213329294033467,0.06312665578545677,0.0004078746652347899,0.09790349042602263,0.1393998390003068,0.17520008450997998
2061,0.18811176170878113,0.0403794882658528,0.18205912825510404,0.07227404700832765,0.1355368706205859,0.12341102461990329
2180,0.18812049185439655,0.04047844670756415,0.18204830817613377,0.07227772878761837,0.1352743422701101,0.12357300268273196
1692,0.18811176170878113,0.0403794882658528,0.18205912825510404,0.07227404700832765,0.1355368706205859,0.12341102461990329
989,0.2068614314199629,0.06681192918735995,-0.0026878101547942457,0.09942846995464988,0.1433635592385145,0.13265035024916585
1163,0.20826132400398284,0.06644841211967994,-0.0027682448132098636,0.0985156473501161,0.14414483256511101,0.13316963413950264
1661,0.18811176170878113,0.0403794882658528,0.18205912825510404,0.07227404700832765,0.1355368706205859,0.12341102461990329
1847,0.18812049185439655,0.04047844670756415,0.18204830817613377,0.07227772878761837,0.1352743422701101,0.12357300268273196
328,0.20891543365007337,0.06706254727784576,-0.0009588707309707602,0.10081973260421857,0.1429350794440304,0.14237626968524067
633,0.20016646156344153,0.04724018021753855,0.1459421301232424,0.07797402044580427,0.12419740121880916,0.16731185937027182
2140,0.18812049185439655,0.04047844670756415,0.18204830817613377,0.07227772878761837,0.1352743422701101,0.12357300268273196
296,0.21052963116286855,0.06650288699831762,-0.0010546570513176,0.10131555925889373,0.14164324134702033,0.15266925168109613
2013,0.18811176170878113,0.0403794882658528,0.18205912825510404,0.07227404700832765,0.1355368706205859,0.12341102461990329
1187,0.2082058588608568,0.06639182442524659,-0.0027699427100366138,0.0984657954897075,0.14502982650161172,0.13244824279779668
921,0.20686504091640456,0.06664791142113105,-0.0026827542260400745,0.09942448493654159,0.14340009801066544,0.1327731488361562
491,0.21499134234757875,0.06300826182629593,0.0009521032634597255,0.09809020734091516,0.14097341522589546,0.17782099939167248
1426,0.2082058588608568,0.06639182442524659,-0.0027699427100366138,0.0984657954897075,0.14502982650161172,0.13244824279779668
1464,0.20169811558670586,0.06086784932393173,0.05331207374417503,0.08915778174568838,0.13992086485033225,0.13076639608548263
2095,0.18812049185439655,0.04047844670756415,0.18204830817613377,0.07227772878761837,0.1352743422701101,0.12357300268273196
2045,0.18812049185439655,0.04047844670756415,0.18204830817613377,0.07227772878761837,0.1352743422701101,0.12357300268273196
1138,0.20822741097775466,0.06643007327217333,-0.002771688630207724,0.09849733275035402,0.14502814051890842,0.13236033647619994
452,0.20687645848794772,0.06687801493797343,-0.0026822926058103144,0.10005186051794994,0.1429247561007227,0.1323791324560755
1413,0.2023523147798466,0.0514752671681068,0.11782516719425508,0.07525584985772042,0.14059881761504447,0.1337410764140585
1495,0.18836792124463309,0.040648962885264456,0.18094069848622518,0.07144756495281544,0.13501044215901215,0.1253567307506047
1855,0.18812049185439655,0.04047844670756415,0.18204830817613377,0.07227772878761837,0.1352743422701101,0.12357300268273196
878,0.20503495428444973,0.06547295860349077,0.020319897612103382,0.09210700939150844,0.14362284154175406,0.13163169926995857
689,0.21519269045928197,0.0633637611746735,0.007870256278284821,0.09756885217737954,0.1406368456251179,0.17951332266022446
405,0.20424233494878197,0.05509399574988462,0.10357826925594428,0.08181720350329923,0.13478730255957078,0.16697196770226289
308,0.20973990105550577,0.06681288499734347,-0.0011779083204973596,0.10051300712887352,0.14192445659452932,0.15243377595823032
313,0.20223146526189578,0.06057974922640351,0.04983411077133554,0.09168621080387178,0.1360034395574108,0.1463220032341612
123,0.20802064660303646,0.06664777370194623,-0.002859551404668915,0.09995021031839697,0.142910951476142,0.13175789920000652
45,0.20771731499718799,0.06660661247677656,-0.0026610077331246755,0.10000179424032977,0.14250294005900457,0.13226027585468458
2094,0.18812049185439655,0.04047844670756415,0.18204830817613377,0.07227772878761837,0.1352743422701101,0.12357300268273196
751,0.2099667692347988,0.06602546921298204,-0.0031842109505297277,0.09883040744287337,0.14935564999891682,0.1254338449558177
1110,0.2082058588608568,0.06639182442524659,-0.0027699427100366138,0.0984657954897075,0.14502982650161172,0.13244824279779668
1036,0.2081976046404581,0.06639346220441684,-0.0027701137446650183,0.09841940671804482,0.14503096739917667,0.13250027814775112
1221,0.20503463578792883,0.06548679306403922,0.020511949273538697,0.09194511141892488,0.14364253056209567,0.1315683405967378
2025,0.18810717412322034,0.0404729660339702,0.18215260602322136,0.07226837585896388,0.13557901000320374,0.12319218843597514
1986,0.18816235399784975,0.041051118118611646,0.18239106325689303,0.07250462985577279,0.13583407917689672,0.12182907607253064
1306,0.20822741097775466,0.06643007327217333,-0.002771688630207724,0.09849733275035402,0.14502814051890842,0.13236033647619994
1592,0.1915197750768992,0.04705326424460925,0.17982858271635987,0.06510748867335102,0.13531834842571708,0.12427155226523805
2051,0.18812049185439655,0.04047844670756415,0.18204830817613377,0.07227772878761837,0.1352743422701101,0.12357300268273196
344,0.18140745630129984,0.04172809497074573,0.1711118149322074,0.06984930301418703,0.13032534101546137,0.15199571964602976
40,0.20688015474582067,0.06681540981542584,-0.0026879901154615964,0.09941614467596067,0.14336402141118407,0.13264018936192917
932,0.20729157937172243,0.066622281111976,-0.0026820137882264568,0.09853052402868455,0.1441661146722083,0.1338431199688177
534,0.21165807808151554,0.06329298196641964,0.0003826407266566932,0.09796440470453488,0.1389808800223532,0.17297560882736274
951,0.20686504091640456,0.06664791142113105,-0.0026827542260400745,0.09942448493654159,0.14340009801066544,0.1327731488361562
294,0.20238203840146726,0.054778154112741576,0.10998613831606892,0.08074128420314276,0.13527867951275196,0.14926317905474984
733,0.2082058588608568,0.06639182442524659,-0.0027699427100366138,0.0984657954897075,0.14502982650161172,0.13244824279779668
2190,0.18812049185439655,0.04047844670756415,0.18204830817613377,0.07227772878761837,0.1352743422701101,0.12357300268273196
1967,0.18816235399784975,0.041051118118611646,0.18239106325689303,0.07250462985577279,0.13583407917689672,0.12182907607253064
977,0.20729048484668805,0.06662118658694162,-0.0026820137882264568,0.09852942950365011,0.14416502014717392,0.1338474980689553
1357,0.2085311397668888,0.06617756828837625,-0.0031917336010976495,0.0979619692249739,0.1494572233510223,0.1274917628646955
361,0.2190631793860665,0.06358763240221747,0.002536640733635274,0.0971314870007668,0.14488823013056737,0.18931142196429449
153,0.20906153335178002,0.06705332547699715,-0.0009857242486164576,0.10081316672211645,0.14308117914573712,0.14212671148242353
717,0.20822741097775466,0.06643007327217333,-0.002771688630207724,0.09849733275035402,0.14502814051890842,0.13236033647619994
10,0.21751155645165876,0.06550043346537877,-0.00464774958189812,0.0998474320995837,0.14942699746991656,0.12132030682573912
21,0.20688015474582067,0.06681540981542584,-0.0026879901154615964,0.09941614467596067,0.14336402141118407,0.13264018936192917
1868,0.18812049185439655,0.04047844670756415,0.18204830817613377,0.07227772878761837,0.1352743422701101,0.12357300268273196
830,0.21134421414269877,0.0655565755541984,-0.0031721241925733827,0.09930983147627812,0.15068651072256312,0.12808308305574906
576,0.21259107551550127,0.06432685190112178,-0.00047860238945962585,0.09915369184501234,0.14005022889474972,0.1614110610991724
875,0.2082178547133875,0.06642051700780617,-0.002769815026355992,0.09849801043322051,0.1450284730429968,0.13237656519412774
1989,0.18810717412322034,0.0404729660339702,0.18215260602322136,0.07226837585896388,0.13557901000320374,0.12319218843597514
1665,0.18811229127934842,0.040375457609420864,0.18204234674942155,0.07227459849753408,0.13554293546828508,0.12342469087454443
1813,0.18810717412322034,0.0404729660339702,0.18215260602322136,0.07226837585896388,0.13557901000320374,0.12319218843597514
129,0.209015806980846,0.06706041440996778,-0.0009615740573964172,0.10092010593499119,0.142859279425311,0.14225615923671828
756,0.21136543213938197,0.06556224686702619,-0.003172666886328803,0.09906710155360285,0.15070608921266093,0.128279887872571
1485,0.18836792124463309,0.040648962885264456,0.18094069848622518,0.07144756495281544,0.13501044215901215,0.1253567307506047
1250,0.2023523147798466,0.0514752671681068,0.11782516719425508,0.07525584985772042,0.14059881761504447,0.1337410764140585
2017,0.18811176170878113,0.0403794882658528,0.18205912825510404,0.07227404700832765,0.1355368706205859,0.12341102461990329
1421,0.2082058588608568,0.06639182442524659,-0.0027699427100366138,0.0984657954897075,0.14502982650161172,0.13244824279779668
1679,0.18811176170878113,0.0403794882658528,0.18205912825510404,0.07227404700832765,0.1355368706205859,0.12341102461990329
380,0.21165807808151554,0.06329298196641964,0.0003826407266566932,0.09796440470453488,0.1389808800223532,0.17297560882736274
454,0.20687645848794772,0.06687801493797343,-0.0026822926058103144,0.10005186051794994,0.1429247561007227,0.1323791324560755
1390,0.2082058588608568,0.06639182442524659,-0.0027699427100366138,0.0984657954897075,0.14502982650161172,0.13244824279779668
918,0.20686504091640456,0.06664791142113105,-0.0026827542260400745,0.09942448493654159,0.14340009801066544,0.1327731488361562
2088,0.18812049185439655,0.04047844670756415,0.18204830817613377,0.07227772878761837,0.1352743422701101,0.12357300268273196
560,0.20970313392384682,0.05708406313885998,0.08355455850259207,0.08506395946112823,0.14030078905450533,0.17719209718132237
1119,0.20729048484668805,0.06662118658694162,-0.0026820137882264568,0.09852942950365011,0.14416502014717392,0.1338474980689553
2102,0.18811176170878113,0.0403794882658528,0.18205912825510404,0.07227404700832765,0.1355368706205859,0.12341102461990329
32,0.20687645848794772,0.06687801493797343,-0.0026822926058103144,0.10005186051794994,0.1429247561007227,0.1323791324560755
1629,0.18812049185439655,0.04047844670756415,0.18204830817613377,0.07227772878761837,0.1352743422701101,0.12357300268273196
1712,0.18818901402078178,0.04107341109280126,0.18218214302675959,0.07229570962563933,0.13562515894676327,0.12240688376580931
241,0.21008122021113018,0.06678044111653993,-0.001195239703458046,0.1015638033477635,0.14458901595320076,0.14842687648880887
1240,0.20822741097775466,0.06643007327217333,-0.002771688630207724,0.09849733275035402,0.14502814051890842,0.13236033647619994
393,0.20891543365007337,0.06706254727784576,-0.0009588707309707602,0.10081973260421857,0.1429350794440304,0.14237626968524067
159,0.20971406593935638,0.06679785952508609,-0.0011777251265266027,0.10081905269660252,0.14223050216225838,0.15186236221720822
570,0.21285924525754443,0.06564049337478152,-0.0007636719897077156,0.0987693877647831,0.1412342928467487,0.15795107856736446
1609,0.19328467995631424,0.04808463434233071,0.17429839593061278,0.06919504650101807,0.13851532405332195,0.12395110417107615
1562,0.1842172308560177,0.04733774628782447,0.1982297514136589,0.0707401444109008,0.13343367613398652,0.12587783483421888
1969,0.18811176170878113,0.0403794882658528,0.18205912825510404,0.07227404700832765,0.1355368706205859,0.12341102461990329
284,0.2041444136303775,0.05972734323698976,0.08808723735751546,0.087898255050214,0.14021046951563976,0.13676392624667166
1616,0.19058811307551443,0.049289421229353564,0.20210661503831712,0.07205443357458302,0.12732274304944394,0.12147072697189588
835,0.20800690114968967,0.0663468542085709,-0.0033255231504587743,0.09795006872315393,0.14943380340835127,0.12667305889018327
194,0.21008122021113018,0.06678044111653993,-0.001195239703458046,0.1015638033477635,0.14458901595320076,0.14842687648880887
2162,0.18836792124463309,0.040648962885264456,0.18094069848622518,0.07144756495281544,0.13501044215901215,0.1253567307506047
1999,0.18811176170878113,0.0403794882658528,0.18205912825510404,0.07227404700832765,0.1355368706205859,0.12341102461990329
1483,0.1844482985846389,0.04836403518506696,0.1999347019938016,0.0700017039212913,0.13409333131847728,0.1258361383866755
1378,0.2082178547133875,0.06642051700780617,-0.002769815026355992,0.09849801043322051,0.1450284730429968,0.13237656519412774
983,0.20688731345516287,0.06664137086461173,-0.0026820837525921397,0.09852268683810096,0.1437644149696373,0.13329422751993836
1689,0.18811176170878113,0.0403794882658528,0.18205912825510404,0.07227404700832765,0.1355368706205859,0.12341102461990329
2000,0.18811229127934842,0.040375457609420864,0.18204234674942155,0.07227459849753408,0.13554293546828508,0.12342469087454443
377,0.21570839319158863,0.06353076151669552,0.0012526437194223562,0.09778147695371985,0.1403544404874259,0.18134275780271308
2147,0.18812049185439655,0.04047844670756415,0.18204830817613377,0.07227772878761837,0.1352743422701101,0.12357300268273196
500,0.20427877220074375,0.053859499730121135,0.10216837321664073,0.08051222790772927,0.13582892563345494,0.17125467476320366
769,0.2082058588608568,0.06639182442524659,-0.0027699427100366138,0.0984657954897075,0.14502982650161172,0.13244824279779668
215,0.20780283673363517,0.05780753993949693,0.0834373117713484,0.08603830048181331,0.14068714321127898,0.17288400246463353
1069,0.2085311397668888,0.06617756828837625,-0.0031917336010976495,0.0979619692249739,0.1494572233510223,0.1274917628646955
2068,0.18811176170878113,0.0403794882658528,0.18205912825510404,0.07227404700832765,0.1355368706205859,0.12341102461990329
1894,0.18811176170878113,0.0403794882658528,0.18205912825510404,0.07227404700832765,0.1355368706205859,0.12341102461990329
1683,0.18812049185439655,0.04047844670756415,0.18204830817613377,0.07227772878761837,0.1352743422701101,0.12357300268273196
674,0.17998008692790635,0.04002041243425179,0.17752126262376358,0.07063004376688899,0.13179742363673339,0.13479633493170162
1825,0.18811229127934842,0.040375457609420864,0.18204234674942155,0.07227459849753408,0.13554293546828508,0.12342469087454443
1667,0.18810717412322034,0.0404729660339702,0.18215260602322136,0.07226837585896388,0.13557901000320374,0.12319218843597514
272,0.21017981689045284,0.06676830424733549,-0.0011889259239198056,0.1014516949380674,0.1426631132738311,0.15037211398821815
305,0.21285731011324763,0.06563855823048471,-0.0007636719897077156,0.09876952630902879,0.1412343856070303,0.15795471755143076
1757,0.18810717412322034,0.0404729660339702,0.18215260602322136,0.07226837585896388,0.13557901000320374,0.12319218843597514
327,0.209015806980846,0.06706041440996778,-0.0009615740573964172,0.10092010593499119,0.142859279425311,0.14225615923671828
1995,0.18811176170878113,0.0403794882658528,0.18205912825510404,0.07227404700832765,0.1355368706205859,0.12341102461990329
1025,0.20826132400398284,0.06644841211967994,-0.0027682448132098636,0.0985156473501161,0.14414483256511101,0.13316963413950264
319,0.21008122021113018,0.06678044111653993,-0.001195239703458046,0.1015638033477635,0.14458901595320076,0.14842687648880887
1219,0.20800637065159988,0.06666908609702345,0.0036436562776019886,0.09791211669077436,0.14461723140420754,0.13368709149439248
2080,0.18812049185439655,0.04047844670756415,0.18204830817613377,0.07227772878761837,0.1352743422701101,0.12357300268273196
545,0.2054191797069945,0.05740451803398444,0.05499720591954452,0.08923683442201949,0.13962499130316355,0.16953346207972925
593,0.21079954165418993,0.06653655339360806,-0.0010542744897527878,0.10086888824658423,0.14134936589002753,0.1531058387022216
538,0.21441078200257627,0.06351089683885733,0.010469854869281581,0.09641219461896823,0.14051282856264954,0.17882917148262892
2038,0.18812049185439655,0.04047844670756415,0.18204830817613377,0.07227772878761837,0.1352743422701101,0.12357300268273196
411,0.2005526883603607,0.049805376098978255,0.11476091410315627,0.0737666336584541,0.13385321081482413,0.16670955827814138
1020,0.20822741097775466,0.06643007327217333,-0.002771688630207724,0.09849733275035402,0.14502814051890842,0.13236033647619994
840,0.2085311397668888,0.06617756828837625,-0.0031917336010976495,0.0979619692249739,0.1494572233510223,0.1274917628646955
427,0.20995135444882684,0.06650813987875605,-0.0010865718193541207,0.10133827786108593,0.1422819222109063,0.15261279081665755
793,0.2085311397668888,0.06617756828837625,-0.0031917336010976495,0.0979619692249739,0.1494572233510223,0.1274917628646955
846,0.20995587985640948,0.06613165056131921,-0.0031890827249010587,0.09899622834220058,0.14938396096140466,0.12514929289842613
1135,0.2082058588608568,0.06639182442524659,-0.0027699427100366138,0.0984657954897075,0.14502982650161172,0.13244824279779668
362,0.21904249272893012,0.06356694574508108,0.002537029474694228,0.0971322956287446,0.14490027518121615,0.1893395528588819
1748,0.18812049185439655,0.04047844670756415,0.18204830817613377,0.07227772878761837,0.1352743422701101,0.12357300268273196
567,0.21198030513205712,0.06324120363466378,-0.0005860423720192055,0.09768038392373961,0.1388122765553309,0.1659261799923259
2027,0.18811229127934842,0.040375457609420864,0.18204234674942155,0.07227459849753408,0.13554293546828508,0.12342469087454443
235,0.209015806980846,0.06706041440996778,-0.0009615740573964172,0.10092010593499119,0.142859279425311,0.14225615923671828
691,0.21198030513205712,0.06324120363466378,-0.0005860423720192055,0.09768038392373961,0.1388122765553309,0.1659261799923259
2084,0.18812049185439655,0.04047844670756415,0.18204830817613377,0.07227772878761837,0.1352743422701101,0.12357300268273196
648,0.21499134234757875,0.06300826182629593,0.0009521032634597255,0.09809020734091516,0.14097341522589546,0.17782099939167248
1980,0.18811176170878113,0.0403794882658528,0.18205912825510404,0.07227404700832765,0.1355368706205859,0.12341102461990329
1886,0.18812049185439655,0.04047844670756415,0.18204830817613377,0.07227772878761837,0.1352743422701101,0.12357300268273196
682,0.21196162842221725,0.06335250038032697,-0.0005858310079323026,0.09779168066940286,0.13880718751128776,0.16572714089079557
801,0.2072964482195026,0.06646016045775266,-0.0026709106458283616,0.0985359631336193,0.14416908570029802,0.13398085849983832
71,0.20803497837510426,0.06651950330678578,-0.002857265041933163,0.10001594143669099,0.142935965285275,0.1317788065329362
1377,0.20822741097775466,0.06643007327217333,-0.002771688630207724,0.09849733275035402,0.14502814051890842,0.13236033647619994
1607,0.19225047309621965,0.047793627961871366,0.18270744786379217,0.06659696695658635,0.13530681508913314,0.12267385398707144
1230,0.2082058588608568,0.06639182442524659,-0.0027699427100366138,0.0984657954897075,0.14502982650161172,0.13244824279779668
1611,0.19127091078266753,0.0469202742892052,0.1810250570961786,0.06593814492355986,0.1354595290052437,0.12248509530531958
1856,0.18812049185439655,0.04047844670756415,0.18204830817613377,0.07227772878761837,0.1352743422701101,0.12357300268273196
908,0.2099667692347988,0.06602546921298204,-0.0031842109505297277,0.09883040744287337,0.14935564999891682,0.1254338449558177
91,0.2079535633642951,0.06650188490224106,-0.0028575180039652065,0.09999599084702118,0.1428743810393203,0.13195962774594647
2043,0.18812049185439655,0.04047844670756415,0.18204830817613377,0.07227772878761837,0.1352743422701101,0.12357300268273196
1522,0.19156491805281184,0.04923717152499786,0.19382048294760618,0.06874153598730741,0.13234912439067925,0.123358949721407
322,0.21052963116286855,0.06650288699831762,-0.0010546570513176,0.10131555925889373,0.14164324134702033,0.15266925168109613
1959,0.18818901402078178,0.04107341109280126,0.18218214302675959,0.07229570962563933,0.13562515894676327,0.12240688376580931
1882,0.18811229127934842,0.040375457609420864,0.18204234674942155,0.07227459849753408,0.13554293546828508,0.12342469087454443
355,0.18382968014936646,0.04843212809519837,0.17160863277628924,0.06811942206711023,0.12240964272981701,0.16843254712132683
1318,0.2072722920419599,0.06521858708576635,0.019437139323869913,0.09247531634821325,0.14800636767424666,0.12442893663211342
515,0.20918505726357015,0.06254331234783,0.019915539230845578,0.09324273030625407,0.13728877522421007,0.1658524675865716
1047,0.20822741097775466,0.06643007327217333,-0.002771688630207724,0.09849733275035402,0.14502814051890842,0.13236033647619994
1854,0.18812049185439655,0.04047844670756415,0.18204830817613377,0.07227772878761837,0.1352743422701101,0.12357300268273196
1536,0.18837720743315928,0.041664647322300546,0.18083699016850735,0.07076718360736826,0.1350544477761505,0.1292993221260197
364,0.21835310072514894,0.06409570385371859,0.01217756104047284,0.09469291242013451,0.14251774845302978,0.18790624618157573
494,0.19184443214298272,0.05074166193642038,0.15210309873516897,0.06847555433959115,0.13074981959195714,0.16891748619298808
173,0.21087881222129734,0.06604103441855701,-0.0010967325400316578,0.1011471463227594,0.1407213159853671,0.1539143369889294
568,0.2133405848854469,0.06542873351041552,-0.0006569795744292874,0.09878214881779503,0.14006330370043163,0.15873303448185486
1814,0.18812049185439655,0.04047844670756415,0.18204830817613377,0.07227772878761837,0.1352743422701101,0.12357300268273196
2014,0.18811176170878113,0.0403794882658528,0.18205912825510404,0.07227404700832765,0.1355368706205859,0.12341102461990329
1301,0.2082178547133875,0.06642051700780617,-0.002769815026355992,0.09849801043322051,0.1450284730429968,0.13237656519412774
1249,0.2082178547133875,0.06642051700780617,-0.002769815026355992,0.09849801043322051,0.1450284730429968,0.13237656519412774
1523,0.19286669128120038,0.04894821200332895,0.1880850288637033,0.0679973264768826,0.1329146784600089,0.12542329636309382
1466,0.1806413129302866,0.040357274006318,0.1775459415103247,0.06914613235537297,0.13319995114316635,0.13525840256803312
1389,0.2080050742326952,0.06634502729157643,-0.003325532820463238,0.09795025357166742,0.14943197649135678,0.12667836446265776
614,0.21610485712860228,0.06397675280573902,0.010827345493919189,0.09604044874702937,0.13986751777166492,0.18147983390928846
1460,0.2081557180212766,0.06603285165993862,0.011603482148286985,0.0968746188225472,0.14892777310870095,0.12524419534541922
1827,0.18811176170878113,0.0403794882658528,0.18205912825510404,0.07227404700832765,0.1355368706205859,0.12341102461990329
288,0.20906153335178002,0.06705332547699715,-0.0009857242486164576,0.10081316672211645,0.14308117914573712,0.14212671148242353
436,0.20904196306358547,0.06709487997909254,-0.0009861349618575967,0.10043836485051202,0.14318464151898933,0.14237647748011614
1567,0.18836792124463309,0.040648962885264456,0.18094069848622518,0.07144756495281544,0.13501044215901215,0.1253567307506047
1686,0.18812049185439655,0.04047844670756415,0.18204830817613377,0.07227772878761837,0.1352743422701101,0.12357300268273196
447,0.2079332171026006,0.06665954308273565,-0.002860528913244252,0.09999197637406985,0.1429471615293075,0.13175656071938968
2202,0.18812049185439655,0.04047844670756415,0.18204830817613377,0.07227772878761837,0.1352743422701101,0.12357300268273196
1743,0.18811176170878113,0.0403794882658528,0.18205912825510404,0.07227404700832765,0.1355368706205859,0.12341102461990329
601,0.20792793155264888,0.06665425753278383,-0.002860579649061022,0.09998669082411803,0.14294743198186313,0.13177219765250625
38,0.20904113095082472,0.06710920446082151,-0.0009860705657008702,0.1004373824285716,0.14319896600071833,0.1423495786552027
1434,0.20826132400398284,0.06644841211967994,-0.0027682448132098636,0.0985156473501161,0.14414483256511101,0.13316963413950264
2023,0.18812049185439655,0.04047844670756415,0.18204830817613377,0.07227772878761837,0.1352743422701101,0.12357300268273196
664,0.21165807808151554,0.06329298196641964,0.0003826407266566932,0.09796440470453488,0.1389808800223532,0.17297560882736274
1215,0.2081976046404581,0.06639346220441684,-0.0027701137446650183,0.09841940671804482,0.14503096739917667,0.13250027814775112
2036,0.18812049185439655,0.04047844670756415,0.18204830817613377,0.07227772878761837,0.1352743422701101,0.12357300268273196
1760,0.18812049185439655,0.04047844670756415,0.18204830817613377,0.07227772878761837,0.1352743422701101,0.12357300268273196
638,0.21479316574291143,0.06375436324014344,0.000938056367046497,0.09775260609720121,0.1407696794263584,0.17782845852215662
961,0.20688015474582067,0.06681540981542584,-0.0026879901154615964,0.09941614467596067,0.14336402141118407,0.13264018936192917
883,0.21574893636342407,0.06550913207969299,-0.004665939413776469,0.10055804308206322,0.14888071649188347,0.12292808812709154
1859,0.18812049185439655,0.04047844670756415,0.18204830817613377,0.07227772878761837,0.1352743422701101,0.12357300268273196
800,0.2082178547133875,0.06642051700780617,-0.002769815026355992,0.09849801043322051,0.1450284730429968,0.13237656519412774
2191,0.18812049185439655,0.04047844670756415,0.18204830817613377,0.07227772878761837,0.1352743422701101,0.12357300268273196
1098,0.2082178547133875,0.06642051700780617,-0.002769815026355992,0.09849801043322051,0.1450284730429968,0.13237656519412774
220,0.20973990105550577,0.06681288499734347,-0.0011779083204973596,0.10051300712887352,0.14192445659452932,0.15243377595823032
1416,0.2081976046404581,0.06639346220441684,-0.0027701137446650183,0.09841940671804482,0.14503096739917667,0.13250027814775112
1595,0.21528832877094486,0.0646224975008227,0.012928998884416763,0.10091007576289229,0.1495316360754099,0.11896547610928933
1234,0.2082058588608568,0.06639182442524659,-0.0027699427100366138,0.0984657954897075,0.14502982650161172,0.13244824279779668
1492,0.18837720743315928,0.041664647322300546,0.18083699016850735,0.07076718360736826,0.1350544477761505,0.1292993221260197
1247,0.2082058588608568,0.06639182442524659,-0.0027699427100366138,0.0984657954897075,0.14502982650161172,0.13244824279779668
1547,0.18837720743315928,0.041664647322300546,0.18083699016850735,0.07076718360736826,0.1350544477761505,0.1292993221260197
913,0.20822741097775466,0.06643007327217333,-0.002771688630207724,0.09849733275035402,0.14502814051890842,0.13236033647619994
331,0.21008122021113018,0.06678044111653993,-0.001195239703458046,0.1015638033477635,0.14458901595320076,0.14842687648880887
1272,0.20822741097775466,0.06643007327217333,-0.002771688630207724,0.09849733275035402,0.14502814051890842,0.13236033647619994
46,0.21008122021113018,0.06678044111653993,-0.001195239703458046,0.1015638033477635,0.14458901595320076,0.14842687648880887
2201,0.18812049185439655,0.04047844670756415,0.18204830817613377,0.07227772878761837,0.1352743422701101,0.12357300268273196
343,0.21570839319158863,0.06353076151669552,0.0012526437194223562,0.09778147695371985,0.1403544404874259,0.18134275780271308
1312,0.2082178547133875,0.06642051700780617,-0.002769815026355992,0.09849801043322051,0.1450284730429968,0.13237656519412774
19,0.2085311397668888,0.06617756828837625,-0.0031917336010976495,0.0979619692249739,0.1494572233510223,0.1274917628646955
929,0.20686504091640456,0.06664791142113105,-0.0026827542260400745,0.09942448493654159,0.14340009801066544,0.1327731488361562
1186,0.2079781281484001,0.06631808120728133,-0.003325606012670866,0.09792330748737227,0.14940503040706166,0.1267862219920459
889,0.2082178547133875,0.06642051700780617,-0.002769815026355992,0.09849801043322051,0.1450284730429968,0.13237656519412774
954,0.2068614314199629,0.06681192918735995,-0.0026878101547942457,0.09942846995464988,0.1433635592385145,0.13265035024916585
1598,0.20926537098292702,0.05033284857395541,0.1278564651834818,0.0765380684963264,0.14132185316682885,0.12431394582404788
2008,0.18816235399784975,0.041051118118611646,0.18239106325689303,0.07250462985577279,0.13583407917689672,0.12182907607253064
2071,0.18811176170878113,0.0403794882658528,0.18205912825510404,0.07227404700832765,0.1355368706205859,0.12341102461990329
2167,0.18804079217406644,0.04061943898245961,0.18170597069990688,0.07202671305824244,0.1352996541821281,0.1240797513817515
89,0.20797269103570398,0.06652101257364994,-0.002857418241363416,0.0999945880642942,0.14287367794587483,0.13192337851669936
1216,0.2082058588608568,0.06639182442524659,-0.0027699427100366138,0.0984657954897075,0.14502982650161172,0.13244824279779668
766,0.2082058588608568,0.06639182442524659,-0.0027699427100366138,0.0984657954897075,0.14502982650161172,0.13244824279779668
1600,0.18836792124463309,0.040648962885264456,0.18094069848622518,0.07144756495281544,0.13501044215901215,0.1253567307506047
1128,0.2082178547133875,0.06642051700780617,-0.002769815026355992,0.09849801043322051,0.1450284730429968,0.13237656519412774
473,0.20689344450632838,0.0668112482656953,-0.002682393267573281,0.09998508147186815,0.14282232464529596,0.1325982242732444
894,0.21134421414269877,0.0655565755541984,-0.0031721241925733827,0.09930983147627812,0.15068651072256312,0.12808308305574906
1001,0.20686504091640456,0.06664791142113105,-0.0026827542260400745,0.09942448493654159,0.14340009801066544,0.1327731488361562
172,0.20995135444882684,0.06650813987875605,-0.0010865718193541207,0.10133827786108593,0.1422819222109063,0.15261279081665755
519,0.2133117808864725,0.063119383138505,0.0004078121847044848,0.09789430793547597,0.13939258304012295,0.1752413712351873
753,0.2099667692347988,0.06602546921298204,-0.0031842109505297277,0.09883040744287337,0.14935564999891682,0.1254338449558177
11,0.21574893636342407,0.06550913207969299,-0.004665939413776469,0.10055804308206322,0.14888071649188347,0.12292808812709154
863,0.2085311397668888,0.06617756828837625,-0.0031917336010976495,0.0979619692249739,0.1494572233510223,0.1274917628646955
962,0.20686504091640456,0.06664791142113105,-0.0026827542260400745,0.09942448493654159,0.14340009801066544,0.1327731488361562
2169,0.18804079217406644,0.04061943898245961,0.18170597069990688,0.07202671305824244,0.1352996541821281,0.1240797513817515
257,0.20971406593935638,0.06679785952508609,-0.0011777251265266027,0.10081905269660252,0.14223050216225838,0.15186236221720822
1384,0.2082058588608568,0.06639182442524659,-0.0027699427100366138,0.0984657954897075,0.14502982650161172,0.13244824279779668
1822,0.18811176170878113,0.0403794882658528,0.18205912825510404,0.07227404700832765,0.1355368706205859,0.12341102461990329
1964,0.18812049185439655,0.04047844670756415,0.18204830817613377,0.07227772878761837,0.1352743422701101,0.12357300268273196
26,0.20688659453838928,0.06681159519937048,-0.002682393267573281,0.09998550046746287,0.1428154746773568,0.13261115827985298
616,0.23098685676954417,0.056691825514080016,0.0002467245379544625,0.10844934138809055,0.1429141784903663,0.1932021285261147
1458,0.2085311397668888,0.06617756828837625,-0.0031917336010976495,0.0979619692249739,0.1494572233510223,0.1274917628646955
53,0.2068868037606234,0.06682205883022864,-0.0026879832987300283,0.09942279369076353,0.14336372443627113,0.1326205324757021
1481,0.19065705323685556,0.049461295472551195,0.20146965079968482,0.07123353065605033,0.12693468748698508,0.12307583528698139
1000,0.2068614314199629,0.06681192918735995,-0.0026878101547942457,0.09942846995464988,0.1433635592385145,0.13265035024916585
1153,0.20688731345516287,0.06664137086461173,-0.0026820837525921397,0.09852268683810096,0.1437644149696373,0.13329422751993836
1708,0.18816235399784975,0.041051118118611646,0.18239106325689303,0.07250462985577279,0.13583407917689672,0.12182907607253064
1198,0.20995901764522912,0.06613407588803379,-0.0031892265079113344,0.09887690463182869,0.14940964338272444,0.12523751485495413
161,0.2090424242569878,0.06708725022521929,-0.0009861505573396448,0.1004307350966389,0.14318869675087584,0.1423872361580556
1391,0.2082178547133875,0.06642051700780617,-0.002769815026355992,0.09849801043322051,0.1450284730429968,0.13237656519412774
946,0.2082178547133875,0.06642051700780617,-0.002769815026355992,0.09849801043322051,0.1450284730429968,0.13237656519412774
1340,0.2082178547133875,0.06642051700780617,-0.002769815026355992,0.09849801043322051,0.1450284730429968,0.13237656519412774
1713,0.18811176170878113,0.0403794882658528,0.18205912825510404,0.07227404700832765,0.1355368706205859,0.12341102461990329
825,0.21136543213938197,0.06556224686702619,-0.003172666886328803,0.09906710155360285,0.15070608921266093,0.128279887872571
1472,0.18603147936028994,0.04753006618960805,0.1829292469414159,0.06452414729872702,0.13430428445043435,0.13059894873001598
1998,0.18814404583020183,0.04104987224721729,0.1823857506540766,0.07256603413872141,0.13589548345984534,0.12173113414849208
1988,0.18811176170878113,0.0403794882658528,0.18205912825510404,0.07227404700832765,0.1355368706205859,0.12341102461990329
1461,0.21134421414269877,0.0655565755541984,-0.0031721241925733827,0.09930983147627812,0.15068651072256312,0.12808308305574906
699,0.20904113095082472,0.06710920446082151,-0.0009860705657008702,0.1004373824285716,0.14319896600071833,0.1423495786552027
1803,0.18812049185439655,0.04047844670756415,0.18204830817613377,0.07227772878761837,0.1352743422701101,0.12357300268273196
885,0.2099667692347988,0.06602546921298204,-0.0031842109505297277,0.09883040744287337,0.14935564999891682,0.1254338449558177
901,0.2082058588608568,0.06639182442524659,-0.0027699427100366138,0.0984657954897075,0.14502982650161172,0.13244824279779668
1169,0.2082058588608568,0.06639182442524659,-0.0027699427100366138,0.0984657954897075,0.14502982650161172,0.13244824279779668
2178,0.18812049185439655,0.04047844670756415,0.18204830817613377,0.07227772878761837,0.1352743422701101,0.12357300268273196
98,0.20803497837510426,0.06651950330678578,-0.002857265041933163,0.10001594143669099,0.142935965285275,0.1317788065329362
6,0.2175984184150631,0.06547713345692739,-0.004654087887301992,0.10036398437977433,0.14798817405312276,0.11949730654526373
1783,0.18812049185439655,0.04047844670756415,0.18204830817613377,0.07227772878761837,0.1352743422701101,0.12357300268273196
782,0.20995587985640948,0.06613165056131921,-0.0031890827249010587,0.09899622834220058,0.14938396096140466,0.12514929289842613
1704,0.18814404583020183,0.04104987224721729,0.1823857506540766,0.07256603413872141,0.13589548345984534,0.12173113414849208
1223,0.2082178547133875,0.06642051700780617,-0.002769815026355992,0.09849801043322051,0.1450284730429968,0.13237656519412774
348,0.183900346718977,0.042393055620269265,0.1598447574987302,0.06939731467903397,0.12976474588100284,0.171017042457136
61,0.20688659453838928,0.06681159519937048,-0.002682393267573281,0.09998550046746287,0.1428154746773568,0.13261115827985298
2181,0.18812049185439655,0.04047844670756415,0.18204830817613377,0.07227772878761837,0.1352743422701101,0.12357300268273196
2160,0.18804079217406644,0.04061943898245961,0.18170597069990688,0.07202671305824244,0.1352996541821281,0.1240797513817515
1205,0.20800690114968967,0.0663468542085709,-0.0033255231504587743,0.09795006872315393,0.14943380340835127,0.12667305889018327
1615,0.19293122635814308,0.048542683802557704,0.18804584634341426,0.06806731452823227,0.13381711704959393,0.12341400970955739
621,0.23054946492639006,0.04499071063344644,-0.001305190625125647,0.10945069596167377,0.1444885241927965,0.19871862852137256
1101,0.2082178547133875,0.06642051700780617,-0.002769815026355992,0.09849801043322051,0.1450284730429968,0.13237656519412774
1371,0.20818892014678492,0.06639158244120365,-0.0027699427100366207,0.09850019317826278,0.14502954822524303,0.1324313040837248
964,0.2068614314199629,0.06681192918735995,-0.0026878101547942457,0.09942846995464988,0.1433635592385145,0.13265035024916585
122,0.20971406593935638,0.06679785952508609,-0.0011777251265266027,0.10081905269660252,0.14223050216225838,0.15186236221720822
2114,0.18811176170878113,0.0403794882658528,0.18205912825510404,0.07227404700832765,0.1355368706205859,0.12341102461990329
83,0.20802064660303646,0.06664777370194623,-0.002859551404668915,0.09995021031839697,0.142910951476142,0.13175789920000652
1747,0.18812049185439655,0.04047844670756415,0.18204830817613377,0.07227772878761837,0.1352743422701101,0.12357300268273196
641,0.21501852245219003,0.0630128272399092,0.0009516641490735882,0.09778767074018996,0.14099742747872873,0.17806821733572584
1501,0.18836792124463309,0.040648962885264456,0.18094069848622518,0.07144756495281544,0.13501044215901215,0.1253567307506047
421,0.21165807808151554,0.06329298196641964,0.0003826407266566932,0.09796440470453488,0.1389808800223532,0.17297560882736274
112,0.20904113095082472,0.06710920446082151,-0.0009860705657008702,0.1004373824285716,0.14319896600071833,0.1423495786552027
571,0.2190359223738622,0.06356693771987136,0.0025370232913820324,0.09713237709650104,0.14490032466639866,0.18934600646953267
28,0.20687645848794772,0.06687801493797343,-0.0026822926058103144,0.10005186051794994,0.1429247561007227,0.1323791324560755
1052,0.20822741097775466,0.06643007327217333,-0.002771688630207724,0.09849733275035402,0.14502814051890842,0.13236033647619994
635,0.1803258772326465,0.04096788403778737,0.16913136277722532,0.06889195896016048,0.12827339854026773,0.1588272483318439
1500,0.18836792124463309,0.040648962885264456,0.18094069848622518,0.07144756495281544,0.13501044215901215,0.1253567307506047
2003,0.18818901402078178,0.04107341109280126,0.18218214302675959,0.07229570962563933,0.13562515894676327,0.12240688376580931
1818,0.18811176170878113,0.0403794882658528,0.18205912825510404,0.07227404700832765,0.1355368706205859,0.12341102461990329
1559,0.18836792124463309,0.040648962885264456,0.18094069848622518,0.07144756495281544,0.13501044215901215,0.1253567307506047
985,0.20686504091640456,0.06664791142113105,-0.0026827542260400745,0.09942448493654159,0.14340009801066544,0.1327731488361562
1732,0.18812049185439655,0.04047844670756415,0.18204830817613377,0.07227772878761837,0.1352743422701101,0.12357300268273196
1282,0.18418958391946574,0.04641059792218433,0.17315610029789724,0.06233490920324129,0.13606527792031264,0.13110546416670962
1724,0.17999085438751652,0.04006138466180639,0.17760112001013595,0.07057521327802267,0.13180414581907754,0.13471284616468665
2166,0.18804079217406644,0.04061943898245961,0.18170597069990688,0.07202671305824244,0.1352996541821281,0.1240797513817515
198,0.20904196306358547,0.06709487997909254,-0.0009861349618575967,0.10043836485051202,0.14318464151898933,0.14237647748011614
1643,0.2132373868653125,0.05601112962874623,0.10733210616889906,0.0859391730889059,0.14592782708470414,0.11698664741816074
729,0.2072964482195026,0.06646016045775266,-0.0026709106458283616,0.0985359631336193,0.14416908570029802,0.13398085849983832
1309,0.2082058588608568,0.06639182442524659,-0.0027699427100366138,0.0984657954897075,0.14502982650161172,0.13244824279779668
710,0.20688659453838928,0.06681159519937048,-0.002682393267573281,0.09998550046746287,0.1428154746773568,0.13261115827985298
1801,0.18812049185439655,0.04047844670756415,0.18204830817613377,0.07227772878761837,0.1352743422701101,0.12357300268273196
892,0.2099667692347988,0.06602546921298204,-0.0031842109505297277,0.09883040744287337,0.14935564999891682,0.1254338449558177
1518,0.2092742311697794,0.05092888318501329,0.13129751248129648,0.07576146347894848,0.14152110328322554,0.12925950597197206
1252,0.20822741097775466,0.06643007327217333,-0.002771688630207724,0.09849733275035402,0.14502814051890842,0.13236033647619994
1776,0.18812049185439655,0.04047844670756415,0.18204830817613377,0.07227772878761837,0.1352743422701101,0.12357300268273196
760,0.21112118495085944,0.06552877150012401,-0.0046172318494318056,0.09839924358471833,0.15033061778284937,0.12282393015896619
772,0.2099667692347988,0.06602546921298204,-0.0031842109505297277,0.09883040744287337,0.14935564999891682,0.1254338449558177
1150,0.20590518393164794,0.06549265696678018,0.014008050302417762,0.09570942639930362,0.14426208344259916,0.13146123806342092
1067,0.2080050742326952,0.06634502729157643,-0.003325532820463238,0.09795025357166742,0.14943197649135678,0.12667836446265776
1728,0.18811229127934842,0.040375457609420864,0.18204234674942155,0.07227459849753408,0.13554293546828508,0.12342469087454443
1996,0.18811229127934842,0.040375457609420864,0.18204234674942155,0.07227459849753408,0.13554293546828508,0.12342469087454443
1961,0.18811176170878113,0.0403794882658528,0.18205912825510404,0.07227404700832765,0.1355368706205859,0.12341102461990329
912,0.2079781281484001,0.06631808120728133,-0.003325606012670866,0.09792330748737227,0.14940503040706166,0.1267862219920459
2185,0.18812049185439655,0.04047844670756415,0.18204830817613377,0.07227772878761837,0.1352743422701101,0.12357300268273196
1220,0.20813488841142053,0.06691747541010955,0.005022985673738368,0.09753484625439424,0.14464304463405,0.13363147506491863
678,0.21196162842221725,0.06335250038032697,-0.0005858310079323026,0.09779168066940286,0.13880718751128776,0.16572714089079557
1011,0.20686504091640456,0.06664791142113105,-0.0026827542260400745,0.09942448493654159,0.14340009801066544,0.1327731488361562
1603,0.19225047309621965,0.047793627961871366,0.18270744786379217,0.06659696695658635,0.13530681508913314,0.12267385398707144
1123,0.20822741097775466,0.06643007327217333,-0.002771688630207724,0.09849733275035402,0.14502814051890842,0.13236033647619994
2134,0.18812049185439655,0.04047844670756415,0.18204830817613377,0.07227772878761837,0.1352743422701101,0.12357300268273196
658,0.21499134234757875,0.06300826182629593,0.0009521032634597255,0.09809020734091516,0.14097341522589546,0.17782099939167248
1206,0.2099637945258932,0.06613615922006293,-0.003188261610155275,0.09882092258073621,0.14935366133163205,0.12534165384668983
866,0.21134421414269877,0.0655565755541984,-0.0031721241925733827,0.09930983147627812,0.15068651072256312,0.12808308305574906
1027,0.20822741097775466,0.06643007327217333,-0.002771688630207724,0.09849733275035402,0.14502814051890842,0.13236033647619994
1796,0.18812049185439655,0.04047844670756415,0.18204830817613377,0.07227772878761837,0.1352743422701101,0.12357300268273196
1394,0.2099667692347988,0.06602546921298204,-0.0031842109505297277,0.09883040744287337,0.14935564999891682,0.1254338449558177
1580,0.18837720743315928,0.041664647322300546,0.18083699016850735,0.07076718360736826,0.1350544477761505,0.1292993221260197
2188,0.18812049185439655,0.04047844670756415,0.18204830817613377,0.07227772878761837,0.1352743422701101,0.12357300268273196
1608,0.19165850037941135,0.047753380052849334,0.18603806151312516,0.06582072707391871,0.13378047627133574,0.12510292926205108
681,0.20687078473289805,0.0668783022994193,-0.0026822926058103144,0.10005220756751164,0.1429190823456729,0.1323898455551675
1586,0.18812049185439655,0.04047844670756415,0.18204830817613377,0.07227772878761837,0.1352743422701101,0.12357300268273196
1646,0.19307392397588133,0.04742876369458504,0.18220572138876984,0.06616514007704759,0.13534067078230025,0.12311496503609025
806,0.2099637945258932,0.06613615922006293,-0.003188261610155275,0.09882092258073621,0.14935366133163205,0.12534165384668983
1344,0.2082178547133875,0.06642051700780617,-0.002769815026355992,0.09849801043322051,0.1450284730429968,0.13237656519412774
2137,0.18812049185439655,0.04047844670756415,0.18204830817613377,0.07227772878761837,0.1352743422701101,0.12357300268273196
752,0.21134421414269877,0.0655565755541984,-0.0031721241925733827,0.09930983147627812,0.15068651072256312,0.12808308305574906
1431,0.2079781281484001,0.06631808120728133,-0.003325606012670866,0.09792330748737227,0.14940503040706166,0.1267862219920459
352,0.18388862140714538,0.04225328533793174,0.15983542664343353,0.06925754439669639,0.1297506209110455,0.17133176415889664
156,0.21079954165418993,0.06653655339360806,-0.0010542744897527878,0.10086888824658423,0.14134936589002753,0.1531058387022216
768,0.2082058588608568,0.06639182442524659,-0.0027699427100366138,0.0984657954897075,0.14502982650161172,0.13244824279779668
844,0.2080050742326952,0.06634502729157643,-0.003325532820463238,0.09795025357166742,0.14943197649135678,0.12667836446265776
1338,0.2080050742326952,0.06634502729157643,-0.003325532820463238,0.09795025357166742,0.14943197649135678,0.12667836446265776
1004,0.20688731345516287,0.06664137086461173,-0.0026820837525921397,0.09852268683810096,0.1437644149696373,0.13329422751993836
1139,0.2082178547133875,0.06642051700780617,-0.002769815026355992,0.09849801043322051,0.1450284730429968,0.13237656519412774
644,0.213329294033467,0.06312665578545677,0.0004078746652347899,0.09790349042602263,0.1393998390003068,0.17520008450997998
165,0.21279501560737862,0.06563636326480839,-0.0007729102758518673,0.09930478591810782,0.1410644383485607,0.15766313295851073
536,0.19841806715592752,0.04989589828815927,0.12841609977555524,0.0704001859524011,0.13330095783812818,0.16814252820651723
1521,0.1896981057549963,0.049637211702247525,0.20049213612322092,0.07080175555441014,0.12605822350058263,0.12614462030365048
1870,0.18812049185439655,0.04047844670756415,0.18204830817613377,0.07227772878761837,0.1352743422701101,0.12357300268273196
1319,0.2080050742326952,0.06634502729157643,-0.003325532820463238,0.09795025357166742,0.14943197649135678,0.12667836446265776
1419,0.2085311397668888,0.06617756828837625,-0.0031917336010976495,0.0979619692249739,0.1494572233510223,0.1274917628646955
1693,0.18812049185439655,0.04047844670756415,0.18204830817613377,0.07227772878761837,0.1352743422701101,0.12357300268273196
572,0.21501852245219003,0.0630128272399092,0.0009516641490735882,0.09778767074018996,0.14099742747872873,0.17806821733572584
242,0.21017981689045284,0.06676830424733549,-0.0011889259239198056,0.1014516949380674,0.1426631132738311,0.15037211398821815
770,0.2085311397668888,0.06617756828837625,-0.0031917336010976495,0.0979619692249739,0.1494572233510223,0.1274917628646955
2059,0.18811176170878113,0.0403794882658528,0.18205912825510404,0.07227404700832765,0.1355368706205859,0.12341102461990329
1688,0.18812049185439655,0.04047844670756415,0.18204830817613377,0.07227772878761837,0.1352743422701101,0.12357300268273196
996,0.2068614314199629,0.06681192918735995,-0.0026878101547942457,0.09942846995464988,0.1433635592385145,0.13265035024916585
2019,0.18811176170878113,0.0403794882658528,0.18205912825510404,0.07227404700832765,0.1355368706205859,0.12341102461990329
1279,0.2082058588608568,0.06639182442524659,-0.0027699427100366138,0.0984657954897075,0.14502982650161172,0.13244824279779668
385,0.21784781966648037,0.06345943270200553,0.001905334013628402,0.09771845527232474,0.1418660296360183,0.18441610354035065
209,0.2101978503810169,0.06677112752662649,-0.0011778390660848355,0.10130283713826305,0.14269709007529013,0.15045505135887333
994,0.2068868037606234,0.06682205883022864,-0.0026879832987300283,0.09942279369076353,0.14336372443627113,0.1326205324757021
1430,0.2081976046404581,0.06639346220441684,-0.0027701137446650183,0.09841940671804482,0.14503096739917667,0.13250027814775112
1979,0.18818901402078178,0.04107341109280126,0.18218214302675959,0.07229570962563933,0.13562515894676327,0.12240688376580931
1151,0.2080050742326952,0.06634502729157643,-0.003325532820463238,0.09795025357166742,0.14943197649135678,0.12667836446265776
948,0.20729048484668805,0.06662118658694162,-0.0026820137882264568,0.09852942950365011,0.14416502014717392,0.1338474980689553
1563,0.18257259693668654,0.04535918552847154,0.19164144024702856,0.07327058321579262,0.14071972678974923,0.12792739036881703
177,0.21068224970712315,0.06606359943629407,-0.0010930268011758622,0.1011601899259796,0.141109624046082,0.15368327708257576
121,0.20904113095082472,0.06710920446082151,-0.0009860705657008702,0.1004373824285716,0.14319896600071833,0.1423495786552027
886,0.2079781281484001,0.06631808120728133,-0.003325606012670866,0.09792330748737227,0.14940503040706166,0.1267862219920459
1032,0.2072964482195026,0.06646016045775266,-0.0026709106458283616,0.0985359631336193,0.14416908570029802,0.13398085849983832
81,0.20904113095082472,0.06710920446082151,-0.0009860705657008702,0.1004373824285716,0.14319896600071833,0.1423495786552027
1770,0.18804079217406644,0.04061943898245961,0.18170597069990688,0.07202671305824244,0.1352996541821281,0.1240797513817515
1792,0.18812049185439655,0.04047844670756415,0.18204830817613377,0.07227772878761837,0.1352743422701101,0.12357300268273196
1422,0.2072964482195026,0.06646016045775266,-0.0026709106458283616,0.0985359631336193,0.14416908570029802,0.13398085849983832
115,0.20995135444882684,0.06650813987875605,-0.0010865718193541207,0.10133827786108593,0.1422819222109063,0.15261279081665755
1532,0.18847569318384755,0.0412124511337576,0.18105981112703382,0.07075919753142869,0.1342274259858171,0.12744594752466062
2024,0.18810717412322034,0.0404729660339702,0.18215260602322136,0.07226837585896388,0.13557901000320374,0.12319218843597514
226,0.21004897983815402,0.06662423967225073,-0.0010825207954261833,0.1009494142789877,0.14228553687590006,0.15278026352701243
2052,0.18812049185439655,0.04047844670756415,0.18204830817613377,0.07227772878761837,0.1352743422701101,0.12357300268273196
458,0.20804179129474426,0.06651916375283816,-0.002857265041933163,0.1000155048935624,0.142942778204915,0.1317659567907323
1727,0.18818901402078178,0.04107341109280126,0.18218214302675959,0.07229570962563933,0.13562515894676327,0.12240688376580931
1294,0.20081086057487182,0.05925003804768085,0.07274060526083108,0.08601150813970916,0.1478217720802704,0.12576908284772415
1237,0.2082058588608568,0.06639182442524659,-0.0027699427100366138,0.0984657954897075,0.14502982650161172,0.13244824279779668
74,0.20687645848794772,0.06687801493797343,-0.0026822926058103144,0.10005186051794994,0.1429247561007227,0.1323791324560755
579,0.21285731011324763,0.06563855823048471,-0.0007636719897077156,0.09876952630902879,0.1412343856070303,0.15795471755143076
686,0.21165807808151554,0.06329298196641964,0.0003826407266566932,0.09796440470453488,0.1389808800223532,0.17297560882736274
1176,0.2080050742326952,0.06634502729157643,-0.003325532820463238,0.09795025357166742,0.14943197649135678,0.12667836446265776
169,0.21008122021113018,0.06678044111653993,-0.001195239703458046,0.1015638033477635,0.14458901595320076,0.14842687648880887
1802,0.18812049185439655,0.04047844670756415,0.18204830817613377,0.07227772878761837,0.1352743422701101,0.12357300268273196
805,0.2099637945258932,0.06613615922006293,-0.003188261610155275,0.09882092258073621,0.14935366133163205,0.12534165384668983
2091,0.18812049185439655,0.04047844670756415,0.18204830817613377,0.07227772878761837,0.1352743422701101,0.12357300268273196
1224,0.20686504091640456,0.06664791142113105,-0.0026827542260400745,0.09942448493654159,0.14340009801066544,0.1327731488361562
1628,0.18812049185439655,0.04047844670756415,0.18204830817613377,0.07227772878761837,0.1352743422701101,0.12357300268273196
1749,0.18812049185439655,0.04047844670756415,0.18204830817613377,0.07227772878761837,0.1352743422701101,0.12357300268273196
1535,0.18836792124463309,0.040648962885264456,0.18094069848622518,0.07144756495281544,0.13501044215901215,0.1253567307506047
87,0.20802064660303646,0.06664777370194623,-0.002859551404668915,0.09995021031839697,0.142910951476142,0.13175789920000652
540,0.21501852245219003,0.0630128272399092,0.0009516641490735882,0.09778767074018996,0.14099742747872873,0.17806821733572584
162,0.209015806980846,0.06706041440996778,-0.0009615740573964172,0.10092010593499119,0.142859279425311,0.14225615923671828
1131,0.2082178547133875,0.06642051700780617,-0.002769815026355992,0.09849801043322051,0.1450284730429968,0.13237656519412774
1623,0.18579810699114518,0.043531596627552835,0.18987628247828764,0.07314360565435317,0.14080405011171346,0.12407839190923585
1703,0.18811229127934842,0.040375457609420864,0.18204234674942155,0.07227459849753408,0.13554293546828508,0.12342469087454443
859,0.2080050742326952,0.06634502729157643,-0.003325532820463238,0.09795025357166742,0.14943197649135678,0.12667836446265776
1612,0.19332091284488623,0.04759783720614279,0.18109945118554477,0.06533444219948474,0.13507650892796938,0.1249000325906464
1407,0.20562588577901583,0.057103059319130414,0.10563502038029952,0.08218269439734303,0.1400735911478179,0.13062824200542505
323,0.20462847489156905,0.0630545002822761,0.03354576259550511,0.0926185786021182,0.13775893827564648,0.14957637772766538
1794,0.18812049185439655,0.04047844670756415,0.18204830817613377,0.07227772878761837,0.1352743422701101,0.12357300268273196
415,0.19675319694563465,0.051579198178827515,0.13920053032235544,0.07094884063522384,0.13194676599180352,0.17118968339949803
1016,0.20688731345516287,0.06664137086461173,-0.0026820837525921397,0.09852268683810096,0.1437644149696373,0.13329422751993836
1777,0.18811176170878113,0.0403794882658528,0.18205912825510404,0.07227404700832765,0.1355368706205859,0.12341102461990329
1227,0.2082178547133875,0.06642051700780617,-0.002769815026355992,0.09849801043322051,0.1450284730429968,0.13237656519412774
680,0.2133117808864725,0.063119383138505,0.0004078121847044848,0.09789430793547597,0.13939258304012295,0.1752413712351873
24,0.2068868037606234,0.06682205883022864,-0.0026879832987300283,0.09942279369076353,0.14336372443627113,0.1326205324757021
1077,0.2082178547133875,0.06642051700780617,-0.002769815026355992,0.09849801043322051,0.1450284730429968,0.13237656519412774
1348,0.2080050742326952,0.06634502729157643,-0.003325532820463238,0.09795025357166742,0.14943197649135678,0.12667836446265776
1241,0.2072964482195026,0.06646016045775266,-0.0026709106458283616,0.0985359631336193,0.14416908570029802,0.13398085849983832
569,0.21305168191172508,0.06416319974178836,-0.0002912287700271264,0.09850847958745598,0.14027304237879623,0.16271353588570867
424,0.19414074245578772,0.05125483761941317,0.1458002381023591,0.07049601039558127,0.13215898260426992,0.16898124176169668
984,0.20688015474582067,0.06681540981542584,-0.0026879901154615964,0.09941614467596067,0.14336402141118407,0.13264018936192917
466,0.20973990105550577,0.06681288499734347,-0.0011779083204973596,0.10051300712887352,0.14192445659452932,0.15243377595823032
1970,0.18811229127934842,0.040375457609420864,0.18204234674942155,0.07227459849753408,0.13554293546828508,0.12342469087454443
749,0.21134421414269877,0.0655565755541984,-0.0031721241925733827,0.09930983147627812,0.15068651072256312,0.12808308305574906
853,0.2099667692347988,0.06602546921298204,-0.0031842109505297277,0.09883040744287337,0.14935564999891682,0.1254338449558177
400,0.2166871815994278,0.06352166113860151,0.001162770464004221,0.09775910804805614,0.14033716590040615,0.18050258652106976
113,0.20803497837510426,0.06651950330678578,-0.002857265041933163,0.10001594143669099,0.142935965285275,0.1317788065329362
1816,0.18812049185439655,0.04047844670756415,0.18204830817613377,0.07227772878761837,0.1352743422701101,0.12357300268273196
1867,0.18812049185439655,0.04047844670756415,0.18204830817613377,0.07227772878761837,0.1352743422701101,0.12357300268273196
337,0.1931305247391384,0.051452707145032625,0.15644328682119896,0.06825724363686826,0.13384410595335114,0.15452535988069632
1627,0.18812049185439655,0.04047844670756415,0.18204830817613377,0.07227772878761837,0.1352743422701101,0.12357300268273196
413,0.20163362909141172,0.051606259425683546,0.11436151853599248,0.07726688892192217,0.13937962075371577,0.13839489146886624
1912,0.18816235399784975,0.041051118118611646,0.18239106325689303,0.07250462985577279,0.13583407917689672,0.12182907607253064
609,0.2133117808864725,0.063119383138505,0.0004078121847044848,0.09789430793547597,0.13939258304012295,0.1752413712351873
1753,0.18812049185439655,0.04047844670756415,0.18204830817613377,0.07227772878761837,0.1352743422701101,0.12357300268273196
1073,0.2080050742326952,0.06634502729157643,-0.003325532820463238,0.09795025357166742,0.14943197649135678,0.12667836446265776
1861,0.18812049185439655,0.04047844670756415,0.18204830817613377,0.07227772878761837,0.1352743422701101,0.12357300268273196
524,0.21165807808151554,0.06329298196641964,0.0003826407266566932,0.09796440470453488,0.1389808800223532,0.17297560882736274
736,0.2081976046404581,0.06639346220441684,-0.0027701137446650183,0.09841940671804482,0.14503096739917667,0.13250027814775112
1015,0.20729157937172243,0.066622281111976,-0.0026820137882264568,0.09853052402868455,0.1441661146722083,0.1338431199688177
118,0.21079954165418993,0.06653655339360806,-0.0010542744897527878,0.10086888824658423,0.14134936589002753,0.1531058387022216
190,0.20904196306358547,0.06709487997909254,-0.0009861349618575967,0.10043836485051202,0.14318464151898933,0.14237647748011614
1295,0.2080050742326952,0.06634502729157643,-0.003325532820463238,0.09795025357166742,0.14943197649135678,0.12667836446265776
503,0.2133117808864725,0.063119383138505,0.0004078121847044848,0.09789430793547597,0.13939258304012295,0.1752413712351873
862,0.2080050742326952,0.06634502729157643,-0.003325532820463238,0.09795025357166742,0.14943197649135678,0.12667836446265776
688,0.20740711085247507,0.05648703216993552,0.09882042955587049,0.08367619553097448,0.13657357536908102,0.1466642087492303
418,0.213329294033467,0.06312665578545677,0.0004078746652347899,0.09790349042602263,0.1393998390003068,0.17520008450997998
1124,0.20822741097775466,0.06643007327217333,-0.002771688630207724,0.09849733275035402,0.14502814051890842,0.13236033647619994
483,0.22536448831337083,0.05685529343380083,0.02464671841140435,0.10316639034786278,0.14167441692738675,0.19065048854808286
922,0.20686693894809272,0.06663532508479313,-0.0026829340487999308,0.09941189860020373,0.14338751167432753,0.13280918963624178
1188,0.20800690114968967,0.0663468542085709,-0.0033255231504587743,0.09795006872315393,0.14943380340835127,0.12667305889018327
2064,0.18810717412322034,0.0404729660339702,0.18215260602322136,0.07226837585896388,0.13557901000320374,0.12319218843597514
1231,0.2082058588608568,0.06639182442524659,-0.0027699427100366138,0.0984657954897075,0.14502982650161172,0.13244824279779668
1364,0.2072964482195026,0.06646016045775266,-0.0026709106458283616,0.0985359631336193,0.14416908570029802,0.13398085849983832
1687,0.18812049185439655,0.04047844670756415,0.18204830817613377,0.07227772878761837,0.1352743422701101,0.12357300268273196
1243,0.2082058588608568,0.06639182442524659,-0.0027699427100366138,0.0984657954897075,0.14502982650161172,0.13244824279779668
662,0.214990295606803,0.06303721558639659,0.0009521061723605125,0.09808442019891844,0.14100236898599608,0.17776992284534296
1204,0.2085311397668888,0.06617756828837625,-0.0031917336010976495,0.0979619692249739,0.1494572233510223,0.1274917628646955
54,0.20904113095082472,0.06710920446082151,-0.0009860705657008702,0.1004373824285716,0.14319896600071833,0.1423495786552027
1146,0.20688731345516287,0.06664137086461173,-0.0026820837525921397,0.09852268683810096,0.1437644149696373,0.13329422751993836
1565,0.18836792124463309,0.040648962885264456,0.18094069848622518,0.07144756495281544,0.13501044215901215,0.1253567307506047
535,0.18726485940624826,0.04876448629954731,0.1561662551885493,0.0677711012002059,0.13117060558320867,0.16793487494705006
1583,0.18836792124463309,0.040648962885264456,0.18094069848622518,0.07144756495281544,0.13501044215901215,0.1253567307506047
1479,0.18434778469549723,0.048319089022606135,0.201059403459526,0.07140294056375622,0.13407971108757805,0.12204788714928393
1537,0.18836792124463309,0.040648962885264456,0.18094069848622518,0.07144756495281544,0.13501044215901215,0.1253567307506047
222,0.20973032181835904,0.06681411540408876,-0.0011792371254395646,0.10083530857560519,0.14222956151263225,0.15181604722873937
1554,0.18812049185439655,0.04047844670756415,0.18204830817613377,0.07227772878761837,0.1352743422701101,0.12357300268273196
191,0.20995135444882684,0.06650813987875605,-0.0010865718193541207,0.10133827786108593,0.1422819222109063,0.15261279081665755
1916,0.18818901402078178,0.04107341109280126,0.18218214302675959,0.07229570962563933,0.13562515894676327,0.12240688376580931
639,0.21479316574291143,0.06375436324014344,0.000938056367046497,0.09775260609720121,0.1407696794263584,0.17782845852215662
796,0.2099667692347988,0.06602546921298204,-0.0031842109505297277,0.09883040744287337,0.14935564999891682,0.1254338449558177
205,0.20973990105550577,0.06681288499734347,-0.0011779083204973596,0.10051300712887352,0.14192445659452932,0.15243377595823032
1702,0.18811176170878113,0.0403794882658528,0.18205912825510404,0.07227404700832765,0.1355368706205859,0.12341102461990329
882,0.21159069185478396,0.06552985521970064,-0.0045263335972534745,0.09840962594010397,0.149092271295802,0.1234904054149485
590,0.20906153335178002,0.06705332547699715,-0.0009857242486164576,0.10081316672211645,0.14308117914573712,0.14212671148242353
1374,0.2082058588608568,0.06639182442524659,-0.0027699427100366138,0.0984657954897075,0.14502982650161172,0.13244824279779668
1585,0.18836792124463309,0.040648962885264456,0.18094069848622518,0.07144756495281544,0.13501044215901215,0.1253567307506047
785,0.2085311397668888,0.06617756828837625,-0.0031917336010976495,0.0979619692249739,0.1494572233510223,0.1274917628646955
2117,0.18812049185439655,0.04047844670756415,0.18204830817613377,0.07227772878761837,0.1352743422701101,0.12357300268273196
2007,0.18812049185439655,0.04047844670756415,0.18204830817613377,0.07227772878761837,0.1352743422701101,0.12357300268273196
2130,0.18812049185439655,0.04047844670756415,0.18204830817613377,0.07227772878761837,0.1352743422701101,0.12357300268273196
1248,0.2082058588608568,0.06639182442524659,-0.0027699427100366138,0.0984657954897075,0.14502982650161172,0.13244824279779668
925,0.2082178547133875,0.06642051700780617,-0.002769815026355992,0.09849801043322051,0.1450284730429968,0.13237656519412774
1480,0.1886670435803024,0.041214307533706376,0.18106670071831657,0.07075985844818676,0.1337822079876276,0.1276904082184057
1372,0.20822741097775466,0.06643007327217333,-0.002771688630207724,0.09849733275035402,0.14502814051890842,0.13236033647619994
1533,0.19037771113580332,0.042685804110052045,0.17277442197445345,0.07091594976781852,0.1420557264077793,0.1295121345873922
746,0.2099637945258932,0.06613615922006293,-0.003188261610155275,0.09882092258073621,0.14935366133163205,0.12534165384668983
750,0.2099667692347988,0.06602546921298204,-0.0031842109505297277,0.09883040744287337,0.14935564999891682,0.1254338449558177
1075,0.2082178547133875,0.06642051700780617,-0.002769815026355992,0.09849801043322051,0.1450284730429968,0.13237656519412774
823,0.21136543213938197,0.06556224686702619,-0.003172666886328803,0.09906710155360285,0.15070608921266093,0.128279887872571
2047,0.18812049185439655,0.04047844670756415,0.18204830817613377,0.07227772878761837,0.1352743422701101,0.12357300268273196
1871,0.18812049185439655,0.04047844670756415,0.18204830817613377,0.07227772878761837,0.1352743422701101,0.12357300268273196
698,0.20973990105550577,0.06681288499734347,-0.0011779083204973596,0.10051300712887352,0.14192445659452932,0.15243377595823032
1701,0.18811176170878113,0.0403794882658528,0.18205912825510404,0.07227404700832765,0.1355368706205859,0.12341102461990329
207,0.21080087667864736,0.06658484091570974,-0.001053883066363278,0.10082998307619223,0.14141146288062906,0.15303263291206362
1841,0.18812049185439655,0.04047844670756415,0.18204830817613377,0.07227772878761837,0.1352743422701101,0.12357300268273196
187,0.20971406593935638,0.06679785952508609,-0.0011777251265266027,0.10081905269660252,0.14223050216225838,0.15186236221720822
577,0.21571365004280907,0.0634196385892909,0.0012580885386274457,0.09768428289496273,0.14038587831165822,0.181508935294217
263,0.20995135444882684,0.06650813987875605,-0.0010865718193541207,0.10133827786108593,0.1422819222109063,0.15261279081665755
978,0.2068614314199629,0.06681192918735995,-0.0026878101547942457,0.09942846995464988,0.1433635592385145,0.13265035024916585
481,0.2101299268047686,0.06018534420011633,0.03627053470647543,0.09054804398909048,0.13702252637277562,0.1782998414062011
586,0.21008122021113018,0.06678044111653993,-0.001195239703458046,0.1015638033477635,0.14458901595320076,0.14842687648880887
1133,0.2082178547133875,0.06642051700780617,-0.002769815026355992,0.09849801043322051,0.1450284730429968,0.13237656519412774
225,0.20906153335178002,0.06705332547699715,-0.0009857242486164576,0.10081316672211645,0.14308117914573712,0.14212671148242353
394,0.21499134234757875,0.06300826182629593,0.0009521032634597255,0.09809020734091516,0.14097341522589546,0.17782099939167248
1125,0.2082178547133875,0.06642051700780617,-0.002769815026355992,0.09849801043322051,0.1450284730429968,0.13237656519412774
1449,0.2099667692347988,0.06602546921298204,-0.0031842109505297277,0.09883040744287337,0.14935564999891682,0.1254338449558177
848,0.20104606589473586,0.06017697575965533,0.07836889353135548,0.08647861684760635,0.1475036878501164,0.12630207137383268
1395,0.2099637945258932,0.06613615922006293,-0.003188261610155275,0.09882092258073621,0.14935366133163205,0.12534165384668983
995,0.20686504091640456,0.06664791142113105,-0.0026827542260400745,0.09942448493654159,0.14340009801066544,0.1327731488361562
126,0.20904113095082472,0.06710920446082151,-0.0009860705657008702,0.1004373824285716,0.14319896600071833,0.1423495786552027
144,0.20891543365007337,0.06706254727784576,-0.0009588707309707602,0.10081973260421857,0.1429350794440304,0.14237626968524067
2099,0.18812049185439655,0.04047844670756415,0.18204830817613377,0.07227772878761837,0.1352743422701101,0.12357300268273196
1435,0.20822741097775466,0.06643007327217333,-0.002771688630207724,0.09849733275035402,0.14502814051890842,0.13236033647619994
490,0.21499134234757875,0.06300826182629593,0.0009521032634597255,0.09809020734091516,0.14097341522589546,0.17782099939167248
316,0.20891543365007337,0.06706254727784576,-0.0009588707309707602,0.10081973260421857,0.1429350794440304,0.14237626968524067
1300,0.20822741097775466,0.06643007327217333,-0.002771688630207724,0.09849733275035402,0.14502814051890842,0.13236033647619994
1387,0.2079781281484001,0.06631808120728133,-0.003325606012670866,0.09792330748737227,0.14940503040706166,0.1267862219920459
966,0.2068614314199629,0.06681192918735995,-0.0026878101547942457,0.09942846995464988,0.1433635592385145,0.13265035024916585
1129,0.20822741097775466,0.06643007327217333,-0.002771688630207724,0.09849733275035402,0.14502814051890842,0.13236033647619994
1451,0.21134421414269877,0.0655565755541984,-0.0031721241925733827,0.09930983147627812,0.15068651072256312,0.12808308305574906
2010,0.18812049185439655,0.04047844670756415,0.18204830817613377,0.07227772878761837,0.1352743422701101,0.12357300268273196
2081,0.18812049185439655,0.04047844670756415,0.18204830817613377,0.07227772878761837,0.1352743422701101,0.12357300268273196
891,0.2099667692347988,0.06602546921298204,-0.0031842109505297277,0.09883040744287337,0.14935564999891682,0.1254338449558177
1498,0.19170963507259597,0.04715616840231539,0.18016309116141632,0.06550452744485948,0.1351247188417818,0.12484997441184646
2163,0.18836792124463309,0.040648962885264456,0.18094069848622518,0.07144756495281544,0.13501044215901215,0.1253567307506047
690,0.2133117808864725,0.063119383138505,0.0004078121847044848,0.09789430793547597,0.13939258304012295,0.1752413712351873
2077,0.18811176170878113,0.0403794882658528,0.18205912825510404,0.07227404700832765,0.1355368706205859,0.12341102461990329
304,0.20891543365007337,0.06706254727784576,-0.0009588707309707602,0.10081973260421857,0.1429350794440304,0.14237626968524067
1324,0.2079781281484001,0.06631808120728133,-0.003325606012670866,0.09792330748737227,0.14940503040706166,0.1267862219920459
2113,0.18810717412322034,0.0404729660339702,0.18215260602322136,0.07226837585896388,0.13557901000320374,0.12319218843597514
1242,0.2082178547133875,0.06642051700780617,-0.002769815026355992,0.09849801043322051,0.1450284730429968,0.13237656519412774
386,0.21570839319158863,0.06353076151669552,0.0012526437194223562,0.09778147695371985,0.1403544404874259,0.18134275780271308
30,0.20688659453838928,0.06681159519937048,-0.002682393267573281,0.09998550046746287,0.1428154746773568,0.13261115827985298
1058,0.2082058588608568,0.06639182442524659,-0.0027699427100366138,0.0984657954897075,0.14502982650161172,0.13244824279779668
72,0.20803497837510426,0.06651950330678578,-0.002857265041933163,0.10001594143669099,0.142935965285275,0.1317788065329362
1297,0.2082178547133875,0.06642051700780617,-0.002769815026355992,0.09849801043322051,0.1450284730429968,0.13237656519412774
773,0.2099667692347988,0.06602546921298204,-0.0031842109505297277,0.09883040744287337,0.14935564999891682,0.1254338449558177
905,0.2080050742326952,0.06634502729157643,-0.003325532820463238,0.09795025357166742,0.14943197649135678,0.12667836446265776
1,0.21751155645165876,0.06550043346537877,-0.00464774958189812,0.0998474320995837,0.14942699746991656,0.12132030682573912
1808,0.18812049185439655,0.04047844670756415,0.18204830817613377,0.07227772878761837,0.1352743422701101,0.12357300268273196
934,0.2052004305620358,0.06563468414611062,0.014129434184793888,0.09611558060354387,0.14347420148526763,0.13363502972151298
1883,0.18812049185439655,0.04047844670756415,0.18204830817613377,0.07227772878761837,0.1352743422701101,0.12357300268273196
39,0.20688015474582067,0.06681540981542584,-0.0026879901154615964,0.09941614467596067,0.14336402141118407,0.13264018936192917
356,0.20682503275672715,0.055127923876533355,0.09829075409404542,0.0812069123957428,0.13619213711854083,0.17308537909173308
270,0.200608746794878,0.06040971418509329,0.07625095017759247,0.08975983554495749,0.14082553397432748,0.1375465371308925
250,0.21008122021113018,0.06678044111653993,-0.001195239703458046,0.1015638033477635,0.14458901595320076,0.14842687648880887
566,0.2185310097688523,0.06342261950599894,0.0027439767736968275,0.09716293688005014,0.14462717640586836,0.1914219861822275
365,0.21501852245219003,0.0630128272399092,0.0009516641490735882,0.09778767074018996,0.14099742747872873,0.17806821733572584
700,0.2080464252407159,0.0666442802218453,-0.0028593050968243154,0.10001118714371099,0.14293462604966647,0.13165071633574457
718,0.20686693894809272,0.06663532508479313,-0.0026829340487999308,0.09941189860020373,0.14338751167432753,0.13280918963624178
260,0.20904113095082472,0.06710920446082151,-0.0009860705657008702,0.1004373824285716,0.14319896600071833,0.1423495786552027
86,0.20802064660303646,0.06664777370194623,-0.002859551404668915,0.09995021031839697,0.142910951476142,0.13175789920000652
1010,0.20688015474582067,0.06681540981542584,-0.0026879901154615964,0.09941614467596067,0.14336402141118407,0.13264018936192917
1415,0.19435704379957974,0.0507840549484935,0.1603831728491921,0.06763351266387153,0.13833503674717518,0.13866125354437955
63,0.20804955313364365,0.06652692559173755,-0.0028572506860326946,0.10001500021649698,0.1429425327216621,0.1317511689173513
2005,0.18810717412322034,0.0404729660339702,0.18215260602322136,0.07226837585896388,0.13557901000320374,0.12319218843597514
1470,0.17887023719091777,0.04753561469131108,0.20019035088653403,0.06831931882341549,0.13451798689071642,0.12756489288016865
1734,0.18812049185439655,0.04047844670756415,0.18204830817613377,0.07227772878761837,0.1352743422701101,0.12357300268273196
1428,0.2082058588608568,0.06639182442524659,-0.0027699427100366138,0.0984657954897075,0.14502982650161172,0.13244824279779668
1956,0.18811176170878113,0.0403794882658528,0.18205912825510404,0.07227404700832765,0.1355368706205859,0.12341102461990329
602,0.20904196306358547,0.06709487997909254,-0.0009861349618575967,0.10043836485051202,0.14318464151898933,0.14237647748011614
1173,0.2082058588608568,0.06639182442524659,-0.0027699427100366138,0.0984657954897075,0.14502982650161172,0.13244824279779668
1493,0.18837720743315928,0.041664647322300546,0.18083699016850735,0.07076718360736826,0.1350544477761505,0.1292993221260197
898,0.2080050742326952,0.06634502729157643,-0.003325532820463238,0.09795025357166742,0.14943197649135678,0.12667836446265776
592,0.21570839319158863,0.06353076151669552,0.0012526437194223562,0.09778147695371985,0.1403544404874259,0.18134275780271308
1914,0.18816235399784975,0.041051118118611646,0.18239106325689303,0.07250462985577279,0.13583407917689672,0.12182907607253064
1564,0.18836792124463309,0.040648962885264456,0.18094069848622518,0.07144756495281544,0.13501044215901215,0.1253567307506047
578,0.20990498234056507,0.05984821064044883,0.03462979654541924,0.09115708792092718,0.13770937885371737,0.17504729955516535
2040,0.18812049185439655,0.04047844670756415,0.18204830817613377,0.07227772878761837,0.1352743422701101,0.12357300268273196
2072,0.18812049185439655,0.04047844670756415,0.18204830817613377,0.07227772878761837,0.1352743422701101,0.12357300268273196
391,0.2041921185777844,0.05515315001769151,0.10239045864322784,0.08105643473101327,0.1347524441978586,0.1675360224307877
2022,0.18812049185439655,0.04047844670756415,0.18204830817613377,0.07227772878761837,0.1352743422701101,0.12357300268273196
2030,0.18812049185439655,0.04047844670756415,0.18204830817613377,0.07227772878761837,0.1352743422701101,0.12357300268273196
1832,0.18812049185439655,0.04047844670756415,0.18204830817613377,0.07227772878761837,0.1352743422701101,0.12357300268273196
101,0.2080464252407159,0.0666442802218453,-0.0028593050968243154,0.10001118714371099,0.14293462604966647,0.13165071633574457
523,0.214990295606803,0.06303721558639659,0.0009521061723605125,0.09808442019891844,0.14100236898599608,0.17776992284534296
1588,0.18812049185439655,0.04047844670756415,0.18204830817613377,0.07227772878761837,0.1352743422701101,0.12357300268273196
2026,0.18811176170878113,0.0403794882658528,0.18205912825510404,0.07227404700832765,0.1355368706205859,0.12341102461990329
1666,0.18812049185439655,0.04047844670756415,0.18204830817613377,0.07227772878761837,0.1352743422701101,0.12357300268273196
1574,0.18836792124463309,0.040648962885264456,0.18094069848622518,0.07144756495281544,0.13501044215901215,0.1253567307506047
1008,0.20686504091640456,0.06664791142113105,-0.0026827542260400745,0.09942448493654159,0.14340009801066544,0.1327731488361562
105,0.20995135444882684,0.06650813987875605,-0.0010865718193541207,0.10133827786108593,0.1422819222109063,0.15261279081665755
917,0.20822741097775466,0.06643007327217333,-0.002771688630207724,0.09849733275035402,0.14502814051890842,0.13236033647619994
1420,0.19504159486020767,0.05107443918789378,0.15541640565298429,0.06944689120173332,0.13832937771125386,0.1391395336355874
864,0.2032860912678408,0.06259566970881657,0.03148506898728845,0.08941146223989009,0.14618082938053711,0.12523023911889208
1987,0.18811176170878113,0.0403794882658528,0.18205912825510404,0.07227404700832765,0.1355368706205859,0.12341102461990329
1507,0.18352033251750557,0.045387811753304724,0.19475895420406014,0.073984731504778,0.1400861221130526,0.1226748452789647
556,0.20763455236592648,0.05727927609609346,0.08141160026110941,0.08607137516652522,0.14142417278863076,0.17060329168742105
453,0.20687645848794772,0.06687801493797343,-0.0026822926058103144,0.10005186051794994,0.1429247561007227,0.1323791324560755
767,0.2082058588608568,0.06639182442524659,-0.0027699427100366138,0.0984657954897075,0.14502982650161172,0.13244824279779668
707,0.20687078473289805,0.0668783022994193,-0.0026822926058103144,0.10005220756751164,0.1429190823456729,0.1323898455551675
1355,0.2082058588608568,0.06639182442524659,-0.0027699427100366138,0.0984657954897075,0.14502982650161172,0.13244824279779668
1622,0.18812049185439655,0.04047844670756415,0.18204830817613377,0.07227772878761837,0.1352743422701101,0.12357300268273196
1791,0.18804079217406644,0.04061943898245961,0.18170597069990688,0.07202671305824244,0.1352996541821281,0.1240797513817515
1884,0.18811176170878113,0.0403794882658528,0.18205912825510404,0.07227404700832765,0.1355368706205859,0.12341102461990329
634,0.1848075006293559,0.042020654651006115,0.15867152071761456,0.06894829109772511,0.12852120545466192,0.17334809030478562
2139,0.18812049185439655,0.04047844670756415,0.18204830817613377,0.07227772878761837,0.1352743422701101,0.12357300268273196
1553,0.18836792124463309,0.040648962885264456,0.18094069848622518,0.07144756495281544,0.13501044215901215,0.1253567307506047
2177,0.18812049185439655,0.04047844670756415,0.18204830817613377,0.07227772878761837,0.1352743422701101,0.12357300268273196
1758,0.18804079217406644,0.04061943898245961,0.18170597069990688,0.07202671305824244,0.1352996541821281,0.1240797513817515
1659,0.18812049185439655,0.04047844670756415,0.18204830817613377,0.07227772878761837,0.1352743422701101,0.12357300268273196
1516,0.18812049185439655,0.04047844670756415,0.18204830817613377,0.07227772878761837,0.1352743422701101,0.12357300268273196
489,0.21667934672854472,0.0637635342910365,0.0011527132087609492,0.0977518265763314,0.1403322207123659,0.18029083215452602
594,0.21501852245219003,0.0630128272399092,0.0009516641490735882,0.09778767074018996,0.14099742747872873,0.17806821733572584
1900,0.18814404583020183,0.04104987224721729,0.1823857506540766,0.07256603413872141,0.13589548345984534,0.12173113414849208
655,0.2133117808864725,0.063119383138505,0.0004078121847044848,0.09789430793547597,0.13939258304012295,0.1752413712351873
1253,0.2082058588608568,0.06639182442524659,-0.0027699427100366138,0.0984657954897075,0.14502982650161172,0.13244824279779668
598,0.19829524626615258,0.0508421033895146,0.14500913227217702,0.07051837542401802,0.13621755421685325,0.14333338801554646
132,0.20971406593935638,0.06679785952508609,-0.0011777251265266027,0.10081905269660252,0.14223050216225838,0.15186236221720822
1973,0.18811176170878113,0.0403794882658528,0.18205912825510404,0.07227404700832765,0.1355368706205859,0.12341102461990329
1771,0.18804079217406644,0.04061943898245961,0.18170597069990688,0.07202671305824244,0.1352996541821281,0.1240797513817515
1645,0.19147362775203833,0.047192386369786204,0.18710216009123054,0.06672782010394684,0.13493957166716286,0.12130558594912784
374,0.21917043491216015,0.0635079140934018,0.0020580154238600094,0.09773420286903116,0.14270395132681177,0.18619591618680403
2122,0.18812049185439655,0.04047844670756415,0.18204830817613377,0.07227772878761837,0.1352743422701101,0.12357300268273196
899,0.2085311397668888,0.06617756828837625,-0.0031917336010976495,0.0979619692249739,0.1494572233510223,0.1274917628646955
1940,0.18814404583020183,0.04104987224721729,0.1823857506540766,0.07256603413872141,0.13589548345984534,0.12173113414849208
1116,0.2082178547133875,0.06642051700780617,-0.002769815026355992,0.09849801043322051,0.1450284730429968,0.13237656519412774
429,0.21285922310785654,0.06564090533474946,-0.0007632600297397645,0.09876979972475104,0.1412336859816407,0.15795047170225643
1388,0.2016697146140105,0.0630436422222338,0.042694828223409406,0.0888246220500907,0.14557842837366167,0.12575017330568208
36,0.20781555211174713,0.06661134116099636,-0.002660496058972849,0.10000433186621215,0.14251666497602747,0.13214053583884883
1602,0.1913515469857251,0.047387291106103235,0.18435313747605991,0.06684500302355839,0.13453210217373576,0.12286010418949204
1045,0.2082058588608568,0.06639182442524659,-0.0027699427100366138,0.0984657954897075,0.14502982650161172,0.13244824279779668
2100,0.18812049185439655,0.04047844670756415,0.18204830817613377,0.07227772878761837,0.1352743422701101,0.12357300268273196
277,0.21017981689045284,0.06676830424733549,-0.0011889259239198056,0.1014516949380674,0.1426631132738311,0.15037211398821815
529,0.2077784030647694,0.06653603600445963,-0.002659323084762539,0.100010587147833,0.14243236358668768,0.13232986317587161
1111,0.2082178547133875,0.06642051700780617,-0.002769815026355992,0.09849801043322051,0.1450284730429968,0.13237656519412774
1529,0.1836858710170586,0.04866754208541349,0.20039340899160712,0.07114264752214204,0.13351439094838885,0.1254281923744981
2121,0.18812049185439655,0.04047844670756415,0.18204830817613377,0.07227772878761837,0.1352743422701101,0.12357300268273196
1707,0.18814404583020183,0.04104987224721729,0.1823857506540766,0.07256603413872141,0.13589548345984534,0.12173113414849208
2029,0.18812049185439655,0.04047844670756415,0.18204830817613377,0.07227772878761837,0.1352743422701101,0.12357300268273196
957,0.2068868037606234,0.06682205883022864,-0.0026879832987300283,0.09942279369076353,0.14336372443627113,0.1326205324757021
1610,0.19147362775203833,0.047192386369786204,0.18710216009123054,0.06672782010394684,0.13493957166716286,0.12130558594912784
315,0.2100648156245561,0.06671866780878159,-0.0011921053496271837,0.10159987861511753,0.14461208558181854,0.14844277513333853
701,0.21499134234757875,0.06300826182629593,0.0009521032634597255,0.09809020734091516,0.14097341522589546,0.17782099939167248
748,0.21134421414269877,0.0655565755541984,-0.0031721241925733827,0.09930983147627812,0.15068651072256312,0.12808308305574906
142,0.20995135444882684,0.06650813987875605,-0.0010865718193541207,0.10133827786108593,0.1422819222109063,0.15261279081665755
302,0.21017981689045284,0.06676830424733549,-0.0011889259239198056,0.1014516949380674,0.1426631132738311,0.15037211398821815
2101,0.18811176170878113,0.0403794882658528,0.18205912825510404,0.07227404700832765,0.1355368706205859,0.12341102461990329
583,0.2190242080640471,0.06304786952399034,0.002684756642840482,0.09696872461973442,0.14458726739802244,0.19159687926805935
13,0.21136543213938197,0.06556224686702619,-0.003172666886328803,0.09906710155360285,0.15070608921266093,0.128279887872571
588,0.18285371144018103,0.04854531603189352,0.17787124812696992,0.06869830348893166,0.12242481298815043,0.16243866086298167
1288,0.2082178547133875,0.06642051700780617,-0.002769815026355992,0.09849801043322051,0.1450284730429968,0.13237656519412774
266,0.20973990105550577,0.06681288499734347,-0.0011779083204973596,0.10051300712887352,0.14192445659452932,0.15243377595823032
16,0.21135574298645515,0.06561702120477833,-0.0009171934937296893,0.09895097109148412,0.14922084130400198,0.1262343020885021
937,0.20236654252130012,0.051761599757171456,0.11752252733668976,0.07530994960700292,0.14059628637942143,0.13369158742744602
745,0.2085311397668888,0.06617756828837625,-0.0031917336010976495,0.0979619692249739,0.1494572233510223,0.1274917628646955
1604,0.183994385599001,0.046878014146347555,0.19968938599528815,0.06996864662612008,0.13434763847616207,0.12070277868909425
2170,0.18812049185439655,0.04047844670756415,0.18204830817613377,0.07227772878761837,0.1352743422701101,0.12357300268273196
2011,0.18637120711660515,0.04164601574700798,0.18109159200152922,0.07095232937788883,0.13498382072573584,0.13095483346473863
439,0.21068224970712315,0.06606359943629407,-0.0010930268011758622,0.1011601899259796,0.141109624046082,0.15368327708257576
896,0.20427752100049684,0.05118006567732013,0.12150403148982515,0.0762873155449847,0.14167154491909648,0.1291175884281992
1088,0.20729048484668805,0.06662118658694162,-0.0026820137882264568,0.09852942950365011,0.14416502014717392,0.1338474980689553
203,0.20973990105550577,0.06681288499734347,-0.0011779083204973596,0.10051300712887352,0.14192445659452932,0.15243377595823032
608,0.20724813140043968,0.06704508019509998,0.004526040658790663,0.09946691903522113,0.14240876664484559,0.1338406146812025
114,0.21007967431595714,0.06679832811836937,-0.0011951258832680507,0.10158169034959288,0.14460690295503015,0.14837464755830357
778,0.2099637945258932,0.06613615922006293,-0.003188261610155275,0.09882092258073621,0.14935366133163205,0.12534165384668983
1788,0.18804079217406644,0.04061943898245961,0.18170597069990688,0.07202671305824244,0.1352996541821281,0.1240797513817515
152,0.21079954165418993,0.06653655339360806,-0.0010542744897527878,0.10086888824658423,0.14134936589002753,0.1531058387022216
1373,0.20822741097775466,0.06643007327217333,-0.002771688630207724,0.09849733275035402,0.14502814051890842,0.13236033647619994
1359,0.2082178547133875,0.06642051700780617,-0.002769815026355992,0.09849801043322051,0.1450284730429968,0.13237656519412774
116,0.20995135444882684,0.06650813987875605,-0.0010865718193541207,0.10133827786108593,0.1422819222109063,0.15261279081665755
1117,0.20822741097775466,0.06643007327217333,-0.002771688630207724,0.09849733275035402,0.14502814051890842,0.13236033647619994
110,0.20904196306358547,0.06709487997909254,-0.0009861349618575967,0.10043836485051202,0.14318464151898933,0.14237647748011614
1291,0.2081976046404581,0.06639346220441684,-0.0027701137446650183,0.09841940671804482,0.14503096739917667,0.13250027814775112
1072,0.2082058588608568,0.06639182442524659,-0.0027699427100366138,0.0984657954897075,0.14502982650161172,0.13244824279779668
807,0.21136543213938197,0.06556224686702619,-0.003172666886328803,0.09906710155360285,0.15070608921266093,0.128279887872571
1149,0.2082058588608568,0.06639182442524659,-0.0027699427100366138,0.0984657954897075,0.14502982650161172,0.13244824279779668
335,0.18584182112094888,0.048495245901968784,0.16365683720523452,0.0666913527203329,0.1350468658350489,0.14055153928271683
462,0.20688015474582067,0.06681540981542584,-0.0026879901154615964,0.09941614467596067,0.14336402141118407,0.13264018936192917
471,0.20687078473289805,0.0668783022994193,-0.0026822926058103144,0.10005220756751164,0.1429190823456729,0.1323898455551675
938,0.2082178547133875,0.06642051700780617,-0.002769815026355992,0.09849801043322051,0.1450284730429968,0.13237656519412774
1527,0.1964633814469875,0.048392355572140264,0.1697223122190536,0.06908132825165168,0.13848690242438383,0.1265948720190762
213,0.21198030513205712,0.06324120363466378,-0.0005860423720192055,0.09768038392373961,0.1388122765553309,0.1659261799923259
927,0.2068614314199629,0.06681192918735995,-0.0026878101547942457,0.09942846995464988,0.1433635592385145,0.13265035024916585
193,0.20906153335178002,0.06705332547699715,-0.0009857242486164576,0.10081316672211645,0.14308117914573712,0.14212671148242353
475,0.20688731345516287,0.06664137086461173,-0.0026820837525921397,0.09852268683810096,0.1437644149696373,0.13329422751993836
2128,0.18812049185439655,0.04047844670756415,0.18204830817613377,0.07227772878761837,0.1352743422701101,0.12357300268273196
369,0.21570839319158863,0.06353076151669552,0.0012526437194223562,0.09778147695371985,0.1403544404874259,0.18134275780271308
591,0.23078401319539119,0.05114262441983529,1.203427476939925e-05,0.10880037236232788,0.14648309238596954,0.200470109472811
85,0.20891543365007337,0.06706254727784576,-0.0009588707309707602,0.10081973260421857,0.1429350794440304,0.14237626968524067
2111,0.18811176170878113,0.0403794882658528,0.18205912825510404,0.07227404700832765,0.1355368706205859,0.12341102461990329
300,0.21285924525754443,0.06564049337478152,-0.0007636719897077156,0.0987693877647831,0.1412342928467487,0.15795107856736446
1918,0.18818901402078178,0.04107341109280126,0.18218214302675959,0.07229570962563933,0.13562515894676327,0.12240688376580931
1939,0.18811176170878113,0.0403794882658528,0.18205912825510404,0.07227404700832765,0.1355368706205859,0.12341102461990329
585,0.2103680120299415,0.06650588928201452,-0.0010854776633456575,0.10131026519315392,0.14210288659507897,0.15240433796003514
167,0.21004897983815402,0.06662423967225073,-0.0010825207954261833,0.1009494142789877,0.14228553687590006,0.15278026352701243
1343,0.1841333419621159,0.04665791185297592,0.1718337574579683,0.06284957748634663,0.13481977396524247,0.13437001675340393
939,0.2072964482195026,0.06646016045775266,-0.0026709106458283616,0.0985359631336193,0.14416908570029802,0.13398085849983832
851,0.2085311397668888,0.06617756828837625,-0.0031917336010976495,0.0979619692249739,0.1494572233510223,0.1274917628646955
1804,0.18811176170878113,0.0403794882658528,0.18205912825510404,0.07227404700832765,0.1355368706205859,0.12341102461990329
381,0.20594709813993897,0.05534030351311593,0.09857890925076047,0.08359860313918262,0.13828889456728133,0.16519871604750128
1327,0.2079781281484001,0.06631808120728133,-0.003325606012670866,0.09792330748737227,0.14940503040706166,0.1267862219920459
232,0.21008122021113018,0.06678044111653993,-0.001195239703458046,0.1015638033477635,0.14458901595320076,0.14842687648880887
