,PS1,PS3,PS4,PS5,EPS1,VS1
661,0.07754720012903843,0.020153282882713924,-0.2025864642477575,0.03163922573370673,0.047074314359819965,0.08207138907390266
1191,0.07143917335682043,0.01990360117389984,-0.201919026803221,0.03521795421268185,0.048611118087397535,0.08195726037701223
1365,0.0810746244393318,0.020503213283813163,-0.20218378412558433,0.03679633044363864,0.04292695693744845,0.07890011614445698
1332,0.0746358751886072,0.021494764431120025,-0.1994627974756772,0.040761616978501204,0.04844525934450668,0.08442373969975414
1652,0.07321423004242447,0.016537692969276437,0.19201534193473063,0.03511206857539384,0.043638430845041216,0.08426872866587505
669,0.07603066312535495,0.019075087023947505,-0.20088094612408067,0.03858268404734845,0.047270330987143984,0.07672124686022516
396,0.06738609203604504,0.012024929784003078,0.18813740161459835,0.03269884371997417,0.04904831294721128,0.08108949772711606
2110,0.06515256941841897,0.011840033596922959,0.1850138401862304,0.028691262132272854,0.04739428266269688,0.07949067120648858
1875,0.06550316603143162,0.015134717795605438,0.18220989678913355,0.027329646492638228,0.0432397874323469,0.07828227820750956
2135,0.0643027224486248,0.010030328182351408,0.18659121065751644,0.029269194582148446,0.04256992495931698,0.08332693804869143
119,0.0732462170729279,0.020705297481153687,-0.19957125529608655,0.0374173454238678,0.04761822260515087,0.08127315248705481
269,0.07509260881478358,0.017997056009636598,-0.19699903594343204,0.03394819193250694,0.04718641692697155,0.08266940537326299
497,0.07816325917327771,0.019918064758223202,-0.19820125710071024,0.03337214286671363,0.048222928734478226,0.08131148234488872
1960,0.07225342141275196,0.012698161209987768,0.19190963911246725,0.030446472634154176,0.04071931855696382,0.08249404805652719
610,0.07886400765924836,0.020027333185560936,0.09214758996641788,0.030578243820911278,0.04311160725312346,0.08221198517145308
637,0.07294133707966992,0.009029933175308338,0.08991686482847584,0.03213138527398735,0.047419295762654724,0.07544247484519317
359,0.07247962826699131,0.019477710409125232,-0.201586344092821,0.043588803177981764,0.04960251664344945,0.0819737246845761
1200,0.07727960863458083,0.015099781720560814,-0.19979469080061715,0.03668696297430534,0.041624392342336586,0.0853637758204003
881,0.07139412853247873,0.016946406200998115,-0.2014827151404207,0.03915479500054794,0.04493184181668198,0.07885365912300871
1862,0.07303700700641343,0.017770108380476612,0.19098104677416763,0.031812329134506635,0.04686226413516431,0.08434961107520096
1885,0.07863213316442846,0.015558404607403696,0.19485526249536086,0.03601874645699526,0.046851915996329284,0.08195617094817945
1490,0.06797311661480324,0.01023316813107877,0.19154248186762496,0.03210114124122858,0.042887740533760654,0.07988733585896009
706,0.07519798417899852,0.017457178025064697,-0.1963164164837434,0.03587467473224005,0.045950995353275,0.07691764637480457
1474,0.07202789681190347,0.01996701204523004,0.19272308388166798,0.029027300634943798,0.04975162044060847,0.08244159735449837
949,0.07705741611545942,0.016301930495597503,-0.2001646705618692,0.03489048692608822,0.04988604048595367,0.08345816336281787
1380,0.07420492671698253,0.0168647550034244,-0.19985505681554222,0.03411785290455908,0.04651696909299697,0.08359208702781203
1256,0.07317000987739407,0.01563450346779476,-0.19816262953650587,0.034431951546369355,0.04838427641985405,0.08201509135170874
1809,0.07180068020112954,0.011342027929589483,0.18761417211225273,0.028180749574612196,0.04654916891008214,0.08000313172805931
334,0.07567087767936012,0.019993724610414685,-0.20252768391851195,0.04090991212140387,0.04818582716421974,0.07763502822215258
1557,0.07192449931091667,0.017894351279188217,0.19616210386900568,0.03703553280723286,0.042918854351588646,0.08519726635557602
1752,0.07031050301215293,0.015059821559431169,0.18906757012527736,0.03707630930787947,0.03958244342532607,0.08421300152230653
2118,0.07282619084858162,0.014218554888779208,0.19131502871483574,0.03225254627635344,0.04250043934756893,0.077800171417679
1858,0.0711598700968176,0.014471175808187844,0.18942692491848245,0.03276454650178822,0.03957104742398751,0.08269195705027399
1660,0.06614449836810478,0.013225248402710794,0.1850244718366794,0.030000300734333685,0.045634944368986595,0.07836198549943885
1232,0.07632430644619735,0.023484276945811212,-0.20130545539298214,0.03849075042934507,0.04712843006388063,0.07797815413385611
20,0.07167720708063718,0.017769259368642203,-0.19741508124039178,0.03721108328252186,0.04622956391216488,0.07961981466704544
1127,0.07141471985424556,0.020601421397066545,-0.2010147608912452,0.03947961123111134,0.041524943259420924,0.08367171914220478
1735,0.07168715699960859,0.009238673083203624,0.1839232512184224,0.030339710752304776,0.041116144228154024,0.08805150336884002
537,0.06756990489892588,0.018245587420641786,0.0860116872495858,0.03916799806311981,0.03465963061067317,0.07803111508953622
1296,0.07579648888464131,0.019986063815972618,-0.19969923251663663,0.039332484154789384,0.04862392986895875,0.0804039838422275
1903,0.06919839414029196,0.011486116059946407,0.18968974737235555,0.03402835680463359,0.042235698611783265,0.08027361356006413
1890,0.06705381473688088,0.016618615947583754,0.19114722877925786,0.03199758229594716,0.043895754052485615,0.08608148132340131
59,0.07705031538874357,0.01741820487503936,-0.200595853704428,0.035867006774821124,0.0455784613900991,0.07998422336570926
102,0.07651548364380618,0.017741283049296414,-0.1956987173989515,0.03435291771248356,0.04901926923392304,0.08007792074436713
758,0.07507027094868601,0.021721368352199878,-0.199345085596998,0.03808359530334269,0.04673767070214749,0.08594499896097965
476,0.07683233760574942,0.019167990175398244,-0.20123326503790231,0.039581783256040955,0.03987374249701393,0.07893851318328497
1107,0.07606868289448797,0.015945786582201825,-0.2014255733649412,0.037929976950830266,0.04345416855005812,0.07881979585994615
146,0.07546943741681808,0.019716496603347546,-0.19963730055569118,0.043764097526314195,0.04677026967563533,0.08199283295135934
626,0.07419014321128203,0.019654885943047536,0.09279040685009718,0.028523516822451626,0.04804976712971652,0.0826064393549066
1482,0.07401787456527885,0.013430669533632795,0.18702396945913213,0.029126904874170027,0.04207852921903427,0.07856559155336379
2074,0.07184065427705295,0.010460242698453708,0.18783506128944957,0.03091727081436245,0.04120338577185121,0.08681208363824162
1184,0.07677723313206557,0.018237341445648196,-0.19778745922491894,0.03618954563916191,0.04292147509740461,0.08260130162145839
671,0.07640475177397821,0.016894756094540546,0.09288447357386688,0.034240244059837825,0.043238043945080254,0.08049153652792372
1208,0.07758263370123726,0.02349972217092149,-0.19873928921604866,0.03535415203185147,0.047497061038477964,0.07621438020890982
309,0.07832669549797577,0.02256413130236041,-0.2020442162445199,0.04087791705327353,0.045385325163528015,0.07982067956019517
666,0.07664954246472612,0.01926128757797431,-0.20236564291444273,0.0419325582365062,0.04746062632223049,0.08351207319725369
2039,0.07129911701532181,0.013413630468543854,0.18654831344814102,0.0318871016369035,0.041757268086958794,0.08223020536444808
1417,0.0767052712295501,0.01956133632902016,0.09159286388515933,0.03460339007606416,0.047312629697522306,0.08133416276400822
1915,0.07374364818349202,0.005273281290720388,0.18947015214678903,0.027477374012019308,0.04379063344667002,0.08445618062620903
893,0.07744406866217422,0.02023345410536123,-0.20111513408817425,0.04044794549246835,0.04721065539701136,0.08484000224339396
1936,0.07559096609928427,0.011639706209967519,0.18934226466135698,0.02732917062101435,0.049088843095928085,0.07763697951733252
261,0.07293085190381007,0.02032750181810184,-0.20049133315099835,0.0387224676829719,0.048811536006240525,0.08084662277750494
695,0.07315392510474318,0.020624458090945354,-0.20176747768861356,0.03471841407237261,0.04505927498302781,0.07692378393348911
884,0.07948710654936517,0.017583108133791273,-0.2031632575883934,0.031185802119890832,0.04226252375206499,0.08413770458285925
1966,0.06766478844229257,0.011379124685660701,0.19048875847670474,0.03163373994463964,0.0440925856655097,0.08516785761899154
224,0.07260578464890585,0.022065576838830384,-0.200550424999106,0.03941084754393281,0.04866377207258241,0.08443028263483554
175,0.07632586178682028,0.019890312860801996,-0.2044804261899489,0.0388059821495175,0.04399780634276344,0.08037637999872214
1965,0.07241773207052503,0.011079807997820131,0.18920082261796606,0.031626670501845824,0.0391981458211837,0.08250064162386693
530,0.08007223696065735,0.019687972842319674,-0.20303608942330667,0.03922675149341767,0.04587321531650078,0.08245367397780232
1511,0.07436438720931052,0.0148578269908033,0.19391087524479722,0.02915746785521373,0.045436178330701536,0.08413081845466436
2086,0.06735417949535101,0.022508435799342173,0.19232789775244127,0.03212556101533449,0.045847770764182144,0.07944911603773369
2164,0.07155466919111961,0.01665881892806257,0.18604936340412775,0.02653694135930506,0.04059119411659691,0.08064542284918778
78,0.07699825746652181,0.017252053469394946,-0.198069367835032,0.037854912138628724,0.04425890372526795,0.08330369302224631
382,0.07091447238841991,0.01741647646052072,0.08976112017592845,0.03904924268157272,0.042001728324305286,0.08347502367789486
2,0.07265137097750234,0.015318975805676337,-0.20067011539261692,0.03556706137482161,0.04601829247635384,0.07735401412406956
1923,0.06927140703666465,0.010777812082221392,0.18923001256810207,0.03505431754888799,0.0418588344034803,0.0819781521675147
88,0.07661850781360025,0.02270288911194041,-0.20303904621621943,0.037167156095419596,0.047520039744278306,0.07807011902619561
1385,0.07469005963311616,0.015485286819997715,-0.20024160698683413,0.04015305014272455,0.04330053449520174,0.09181682254926878
1947,0.07363272729651495,0.016147650965424434,0.191299128008441,0.029882876762794136,0.0480261269916401,0.08195329633062888
1070,0.0771868991847233,0.014261413997350939,-0.2045442009702341,0.04087382970178041,0.04569747969155536,0.0795651713445812
358,0.08337348933171342,0.028507140815997402,0.09030291423201894,0.03353136155746532,0.04285721223027753,0.08212831595798735
409,0.06777921958904343,0.015281626991400985,0.0962125490269394,0.027464300577075766,0.04620057281792573,0.08134278548657788
1946,0.07182397718029279,0.014403242416175709,0.18823272230796328,0.028601841685135146,0.044282451875153644,0.0831856168461921
740,0.08098756807810016,0.02119558035027477,0.09100157936155452,0.033246453999214345,0.04179361499735805,0.08531217670710392
273,0.07232483799079029,0.02087742055856159,-0.19791818821273566,0.03825271678022834,0.04404669720623176,0.0844271090898542
1336,0.07710900965273797,0.024416740976779445,0.09519235955174096,0.030019190178652524,0.045802526721063726,0.08194799220796978
1508,0.07221291824939613,0.015139997286570825,0.18749856269739748,0.032754040534902384,0.04358280063057484,0.08618601805223448
506,0.07835599664006901,0.02004335865971274,-0.20183234053306692,0.036201265895174896,0.04781645719726291,0.08073388754846685
726,0.07552019569067651,0.01975810388277514,-0.19936267629580146,0.03823194884417397,0.04449771645458976,0.07395336293121602
1132,0.07766473414756753,0.01754062042607163,-0.20059995440127434,0.03629407476567831,0.045572805723257295,0.08461191246438905
325,0.07784021656232772,0.016624740684703702,-0.20301394135915352,0.032917161179586304,0.04595138715032749,0.07627504271960693
1202,0.07722786284750463,0.019863499381626105,-0.19620183747937872,0.03535893226760223,0.041949528139058806,0.0855200175979718
2116,0.07272712613436486,0.015543923024839352,0.2008065398668646,0.035384426284569816,0.041933106206539665,0.07997383433644413
237,0.07011709478058112,0.015609308778875708,-0.19733976831425679,0.03398624758903882,0.04815568684565944,0.08232029383907431
1984,0.0761319314533893,0.011749042365521777,0.18886570099277927,0.03082049058949493,0.04486068783460534,0.08289792124485135
1926,0.06776126699326784,0.01254662082261565,0.1954677059168167,0.0389740171695239,0.04525405383768509,0.07866278949484642
819,0.0704203065526608,0.020288047182258583,-0.1977100715330399,0.04003508376111998,0.050748330997123135,0.08626418306467808
715,0.07421401972993916,0.022018478762598923,-0.19760561844691854,0.035886357984148166,0.049199336831736856,0.08044595798875474
1201,0.07978488984950743,0.01599447806298874,-0.19826315470562295,0.03364982767160123,0.04254456103894467,0.08328661928036554
1228,0.07659087351228934,0.019912345313363538,-0.2025435316300966,0.037770119720824474,0.046352526716583464,0.08377909806567505
256,0.0759806674589618,0.016695539713830126,-0.2003263725332441,0.03490011294045244,0.04353130964011467,0.08514014014530259
1718,0.0746232732803059,0.013911170005302688,0.19226056891949617,0.03679274792442936,0.04551673346549534,0.07575300383264773
1746,0.07056284605033535,0.014358742943516377,0.19117163727883899,0.0322880443294841,0.049452521665279484,0.08116801503416357
1935,0.07387727851986686,0.014443414388457865,0.19065675815468572,0.032005781034007315,0.0428091668212337,0.08212759708420932
347,0.06922602910735798,0.01177594601345997,0.18945798467077246,0.03581111957703171,0.0435055939965508,0.08497913337838954
1096,0.07583789643608808,0.02039195790196824,-0.2046540129655632,0.03627467297940465,0.04510275343488571,0.08108144345786886
727,0.07371919037045135,0.018408795920755276,-0.2030396899095333,0.04049215761229222,0.04623631390088673,0.07750757492272953
679,0.07437263285461822,0.0193368541585403,-0.2016237997324514,0.04003785606410531,0.04545801705786827,0.08048211890759707
317,0.07736337619005057,0.020391874915331305,-0.20143027965569546,0.03406892754913663,0.04928332958096793,0.07960780605594119
1709,0.07592213889892799,0.014226932235674247,0.19048385676907217,0.029016693919149152,0.04338264967968802,0.08117010104266197
1891,0.06967980837246947,0.017271901863370548,0.19096893461863715,0.03234527950636044,0.039420266802830846,0.0857240658009815
2069,0.06362181352357246,0.015304419915521386,0.19078234027991067,0.031965270466548144,0.04273852225993448,0.07818350857636537
821,0.07283357810908075,0.01746354005469166,-0.20155159064434963,0.038999258501310995,0.04048559929396927,0.08242045772046006
550,0.07652466794620633,0.018714462943509542,-0.2004407847131197,0.03321187506133343,0.043468430876774614,0.07605911339471604
1418,0.07221101225195348,0.015183542247583821,0.08794270856562758,0.025298687814027825,0.04241351821368897,0.07992553699021251
743,0.07327930855712411,0.01948657728359914,-0.2012754637505277,0.0359015287053735,0.046869028027553404,0.08007130322642407
2171,0.07128946890340578,0.010623929262363682,0.19510909703539234,0.031409099975375644,0.04509249207122494,0.07989098578689574
1569,0.07091594313500797,0.016460278687910272,0.18683435956114844,0.0214444563544063,0.045490893174854774,0.08275243622403015
919,0.07459311822352943,0.02023785429537973,-0.19641117092284605,0.03812662386504868,0.04461621613180993,0.08058677482616525
1505,0.07316604937057578,0.015931731537267887,0.18961358815936477,0.028696624601959566,0.04528555172986061,0.08509866488111498
1424,0.07628319067873915,0.01706100074964112,-0.20387928718018436,0.040191637807512226,0.048653929827259086,0.08074927978706858
827,0.07395140381491525,0.014798955320440907,-0.19966247305257115,0.038622018089598496,0.04920463224725358,0.08260100892070757
1049,0.0756628247190357,0.020434755373593436,-0.20755409756101315,0.04032277467055177,0.05318104796431292,0.07944455405542038
1644,0.07217251542429254,0.009909166984958051,0.09207394746394226,0.030984302895474373,0.04877927634028696,0.0828879645610426
1740,0.07494204083330103,0.016951156024055752,0.19273452753260067,0.030714723391071737,0.044989339528641224,0.07409022678032474
527,0.07409870580811538,0.016907544958878355,-0.20061929115126487,0.04086248005755095,0.048647391607106856,0.07685000000756047
1367,0.07758615767077778,0.01990369736784081,-0.20217889920760612,0.03891369231286567,0.04549668646606806,0.08020283295470547
2142,0.07242724644093564,0.015077657349474116,0.19271171079633592,0.03479538886096844,0.04687025015669839,0.07741108077466366
712,0.07534296291521879,0.017755822707135313,-0.19865538596437565,0.03793765557226013,0.04707990196830724,0.08142528125771262
2115,0.0753342338505855,0.01296431441156249,0.18692456162948212,0.029443920097640557,0.037900059853442185,0.07957864769188423
1526,0.07177108262919263,0.01721360387018626,0.08561331381858492,0.03388275270273142,0.04190126969251433,0.08705690355552521
1100,0.0748925528213604,0.021839544539067873,-0.20099664670401854,0.040977109559178757,0.04414720887040537,0.08126512806722308
754,0.07407165879419125,0.01614996447629654,-0.20165653896094926,0.03716772795067167,0.04631632982325129,0.0827790276411983
195,0.0744183100410419,0.0215524676569348,-0.20052043899451844,0.039907796484695224,0.04566241015695875,0.08436696096196603
8,0.06940807529758784,0.01946012350855199,-0.20139060261419378,0.030260536739901003,0.042930665312456526,0.08157841710110836
923,0.07411127731345787,0.015256329797487152,-0.20036263185093448,0.04018049707839526,0.043759465130235986,0.08559977142156891
1175,0.07406324303794336,0.017862244320280038,-0.2007285423631872,0.03735712104676305,0.0466208029398153,0.08474986381865829
1572,0.06951924904550413,0.01111060364122039,0.1886860328891516,0.03339660823420039,0.04633633885612197,0.07611621366581713
1144,0.07264812742402507,0.015687514270864695,-0.19907776010566194,0.03955404366440649,0.04498551145329201,0.07576194391100043
1115,0.07612675476006177,0.015706650886715117,-0.20332221008554638,0.036955161131088744,0.0476341531585609,0.08474087981520911
933,0.07744045337516459,0.02060653910369523,-0.20313166308561545,0.040070191679508885,0.045788396442480506,0.07927814069934548
450,0.07351072532574275,0.025288454901933776,-0.20071535005029095,0.037314040972961204,0.04800821032408162,0.08521515001197344
1278,0.07263994174891754,0.016905989794074934,-0.19903767187229718,0.038487571180118654,0.041910685060427895,0.07908566509257094
632,0.07464517501171032,0.019828484788709175,0.08717649330416649,0.0377202132737718,0.045071987432171806,0.08109172282053734
1033,0.0732318986987499,0.012285209406871585,-0.20134315987517992,0.03783149634424163,0.04929860122527862,0.08633833506819648
1244,0.07882355299404509,0.01689141302154358,0.09183110836857426,0.04009211499083853,0.048368855899467454,0.08193478345840023
1879,0.06881016003855192,0.011657993714001086,0.18526027936337744,0.028983062363865282,0.055224597584973334,0.08252738649069141
1798,0.07388244162185681,0.0071367060799294784,0.1837554308917404,0.029525732654044342,0.04293673061012398,0.0846683327412294
2175,0.067554954376667,0.01023883756188533,0.1894594363814393,0.031083784269466955,0.04258011114377205,0.08895555208221492
1744,0.07155655232989618,0.011771787394366583,0.19046870722579462,0.034260488011948316,0.04185740926582887,0.082710836731137
1582,0.07281482379801361,0.012072853112489396,0.18251488466303403,0.02711073912802396,0.04127531086870444,0.08460304679490954
973,0.0681690836431542,0.018580208380577282,-0.19813305138472986,0.03372472391466716,0.046569932207489145,0.0803631870041832
1379,0.07538108185564345,0.01457854100933339,-0.2001651694349631,0.03519957000055895,0.04798412549057961,0.08869595114819802
1975,0.07439030554880685,0.011725456253757488,0.1874328040070518,0.0329131983169722,0.044964882284388094,0.08614057786188449
37,0.07878137853530164,0.01853529278472765,-0.19872308612337902,0.039212270784871744,0.045851464510624745,0.07986856524732583
1751,0.07234106950349628,0.012779845477809755,0.19176063513384556,0.03348316032555666,0.041641110759334986,0.0827536930818034
2125,0.06411586674919734,0.016711438353585573,0.18588112045700597,0.029500317713877525,0.04303251901818405,0.08146437675780595
1195,0.07688139709982206,0.01843727665937087,-0.20030718802477793,0.035769047956123234,0.048589233348614425,0.07760854370999687
1467,0.06888586961952026,0.013173255180417062,0.1863787627671632,0.03185109224724045,0.03843619077697667,0.07950264502340443
1134,0.07551892647828519,0.024064432312598524,-0.20478729488918387,0.03664575074461369,0.048296474553624597,0.07726779526588323
1691,0.06866399641054441,0.01790276248776532,0.19049181655680403,0.03197636747569098,0.044940605461020175,0.08362061947645134
1723,0.0710944093574702,0.013008170280890694,0.18689156604743262,0.034779878066716674,0.04104819851171856,0.0859682086595399
425,0.0780124912473831,0.02448782286349231,-0.20116734006371034,0.036011117919012174,0.05107160945493024,0.07578940946889266
520,0.07477130034632175,0.02414530323317869,-0.19706214172731804,0.037144450128792465,0.04608679175448773,0.07898442469774669
223,0.07394984325656212,0.017253243408323536,-0.1991291043040745,0.03720534785511324,0.04015550506109476,0.08024633583902112
1269,0.0739737202876288,0.020516688640858722,-0.20164872270984102,0.0387060952664377,0.05012073981171716,0.07766479277588056
1651,0.06786078682181476,0.01647025887029748,0.19332096767750775,0.03207539652884623,0.04762766264225306,0.07621223221793377
387,0.07668476264965172,0.018241882565416232,-0.200189363859436,0.03620222609673313,0.04658590500560286,0.08508686199935997
1457,0.07748257250835229,0.020357850835395368,-0.20048837334997327,0.03508887227369153,0.04317228354912292,0.08482500038704348
1768,0.06941424123238578,0.012576205490504498,0.18300922474223277,0.032689036421620896,0.04050159144796871,0.08072796569885497
1441,0.07645901086787303,0.021284208320199,-0.20004119306992504,0.03540272329714366,0.04928272936949284,0.07988641282878549
1634,0.07286549719191304,0.015331315354116993,0.18907426167914881,0.03862248852056424,0.04474208314590172,0.07798266331811689
221,0.07548457494911354,0.0221108658283936,-0.20425938883933775,0.03116119895271878,0.04800113123516768,0.07928368855503222
854,0.06931921329558961,0.014554245866783116,0.08522453101158904,0.030050800721970205,0.045550384074613356,0.08320990613267162
459,0.0753008170583894,0.01517252332321057,-0.19880630787813444,0.03493105722248493,0.042993599664150825,0.08146933138430935
1062,0.07615993941066272,0.01879285374065185,-0.20098483158519417,0.037815108512437086,0.04539516135591883,0.08231611226201092
1836,0.06951514866277442,0.0073500656288583936,0.19326028851275698,0.03127140700356179,0.047408910685769586,0.08320261554415763
389,0.07172044951651393,0.013492960406905568,0.08970125739475865,0.030122257468384164,0.035188865370398136,0.08217984569407058
488,0.06848677115593715,0.010547904729185644,0.09008557441820454,0.02971499349650522,0.044324747810667434,0.08314333629311198
526,0.07694623416170394,0.025054113431430904,-0.1993695428706385,0.03964649033053134,0.04221376326518321,0.07374878014561155
2061,0.07044732449231744,0.014459678369629907,0.18988464964777252,0.031653801128241336,0.04464239072856296,0.08360928516529574
2180,0.06973811548370493,0.010028571706761436,0.19110554149468406,0.034364861410564954,0.040897397160118164,0.08648197910271238
1692,0.0738521418722463,0.017247016261044027,0.18941230749721794,0.031536846998690804,0.046314321330668956,0.0786194751141681
989,0.07948350659175503,0.02040342758349336,-0.2013595825126181,0.04133059668673279,0.04660912760037426,0.08115203889284786
1163,0.07290757776755241,0.019483747445054985,-0.20449013569731297,0.04027810379429468,0.04731576934474537,0.07959855290237666
1661,0.07276407916256158,0.011963013967286601,0.18787776734230313,0.028190624743242607,0.044540603857808385,0.07893218450360853
1847,0.07158963273133291,0.013956349411127588,0.18691716026486227,0.029681027663339347,0.04481952913250518,0.07799748107364896
328,0.08100993470351774,0.024578064530350847,-0.19890823851680606,0.03790712721145322,0.04702650625830502,0.08601776300740481
633,0.08271936888715836,-0.020044967726857515,0.08817960286472014,0.03437376380199735,0.04373678030566087,0.07971442571629714
2140,0.07293700600011575,0.015734908589660437,0.18686147798642244,0.03242046357765831,0.04719090665155477,0.08323277414052985
296,0.07553368591075983,0.01771466808722787,-0.20282935144898753,0.035830089628277495,0.04731702224252016,0.08063187509422198
2013,0.06247357127659351,0.007078481903941995,0.18849653743978595,0.02701853271276723,0.042246472771777316,0.08419854702337304
1187,0.07348915283336319,0.018863543148255005,-0.2014195285475488,0.03277952173914984,0.041070428873106773,0.08298193304676892
921,0.07237416495070455,0.01763689109841115,-0.20417212605709997,0.03714631888573276,0.05090840880320073,0.07950537988261638
491,0.07512814454257953,0.015693402410510607,-0.20579348535743192,0.03265200015357822,0.04578722232639583,0.08476292567523924
1426,0.07595375166754824,0.02165784174004161,-0.20471049604280933,0.040198010525341346,0.05087561609157995,0.08259588372357995
1464,0.07196599009677274,0.010004150406425357,0.08204940707641498,0.03674311723469023,0.0399574133999083,0.08089836529267123
2095,0.07426762657807509,0.013226081659698104,0.18959768028428425,0.03217260036609371,0.0456933709311666,0.07989420966405467
2045,0.06740155520411663,0.011010860944681263,0.18683174001864106,0.0346970959841439,0.04382531929182687,0.08556624609521982
1138,0.07468049701631274,0.018076824821879566,-0.19854705945246898,0.03725251414954031,0.0423369664806519,0.08113975347894106
452,0.07560920454137013,0.018922464064620254,-0.19796139050443085,0.037818634066069584,0.041021174969253824,0.07743541037216961
1413,0.07499699907234708,0.017401861614871325,0.0908582593943147,0.03316357372410167,0.04615280759294286,0.08965139762283185
1495,0.07306769640054593,0.016081701883325042,0.18786293142420377,0.028616843232518886,0.04303282478149808,0.0856086137336152
1855,0.07111235298238888,0.011569150078524945,0.1883790473227861,0.03639917238952029,0.041916191434981036,0.07794552454887264
878,0.07639122413783844,0.022236406853510672,0.0936016238336878,0.034138000955731745,0.04709887685528785,0.07857239899022947
689,0.07256041394757588,0.012056168047244601,0.09259182382467301,0.03402955156356299,0.03751137278355007,0.0797731862358817
405,0.07153709897263064,0.018206565816572668,0.0883578757365919,0.03433237763775607,0.043796165581923084,0.08630072384348983
308,0.07556344973365699,0.020640307961492545,-0.1979622171111493,0.03811999467441108,0.04568611081345874,0.07736683018721188
313,0.0734233021040129,0.012390130996048555,0.09404422283082932,0.03334214993957956,0.046608270485819454,0.08048843053604401
123,0.07428083453737727,0.020536695410207376,-0.20238384460940056,0.03684782938242925,0.047139112631799124,0.08751928177850544
45,0.08043408252675065,0.015983673411702214,-0.2015132506192282,0.038988605638853695,0.049628128090288146,0.08291726424531168
2094,0.07237600403148597,0.017477085915928916,0.19046377846153859,0.03380023748030259,0.04573309989179032,0.0769652247003337
751,0.07248038570786573,0.01896835183733005,-0.19777549114326276,0.03502507192965969,0.04582145283502571,0.0811180165307355
1110,0.0779651040220925,0.014276443802442652,-0.1980725736240766,0.036835947810143065,0.04151183707883122,0.08362116824930357
1036,0.07311071187929093,0.02170911665120734,-0.19792627318175823,0.038650798627429754,0.046388792231307215,0.0779729706981184
1221,0.07202340110724587,0.015879075404449747,0.08948562828805069,0.03064620767930955,0.04258068932155463,0.08327781266982552
2025,0.07298278723777277,0.011836674115025094,0.19187327193797288,0.025195971139861082,0.041657354347920325,0.08348776431492061
1986,0.06771473688633114,0.012472622027106113,0.1864834773500562,0.032502678685781876,0.04008748322298932,0.08423204542303458
1306,0.08069125189994213,0.020423220161065563,-0.19989935264815178,0.033822252130893106,0.047119685867827756,0.07503372412510566
1592,0.0694861311499762,0.018106373076145047,0.0874067888692617,0.03916269652622249,0.04649725929053471,0.07749808385905736
2051,0.07106634262403416,0.01026344192630843,0.18764937052423505,0.0353412677900918,0.042088505790176124,0.07647394708208595
344,0.06794073377452946,0.012328952571328823,0.1922483769049739,0.03121647558953701,0.03723470078113097,0.07967777411985354
40,0.07452299599319001,0.017243266686044607,-0.2018825541911718,0.042095254334298435,0.04089014051925001,0.08305185561968201
932,0.07506922670599042,0.02376906231398446,-0.19809637870674884,0.03710314674403841,0.04793804081453593,0.08259251003974513
534,0.07642406533867399,0.016238951338479225,-0.2012367099205605,0.03676840504191565,0.04537138809647761,0.08222597197791594
951,0.07371946695181046,0.017222009473046477,-0.2028384533808853,0.03719875834730829,0.04798813325954502,0.08337717752027204
294,0.06834120100645394,0.015537883340862351,0.09328075492795322,0.0366771737876635,0.04088698850345006,0.0773007915046121
733,0.07098428378664909,0.0168480123361473,-0.2009009516710051,0.037442803195778133,0.04427235447757942,0.08417817595486887
2190,0.073208077670592,0.01226481517380563,0.18990230825433932,0.03221911934673119,0.045537387369509706,0.0838944238558715
1967,0.07440260710249455,0.013838637693093615,0.1866627949946144,0.030344920622901738,0.04476055805557416,0.07871198336659319
977,0.07635120435455336,0.017962897873274215,-0.20230785253449246,0.03917115674965969,0.04488426080827169,0.08379449653853023
1357,0.07743169535835276,0.020688267031377397,-0.2031058682519051,0.0369492982057927,0.04813333068236065,0.0826738375363587
361,0.07601233920762135,0.016815120458578754,-0.19629216481030995,0.033622685376059495,0.042351865713841974,0.07943514470057808
153,0.07832835574181424,0.019117712368678652,-0.201008915427053,0.03574651893351146,0.048088665290346735,0.08375499499804805
717,0.07536892522936624,0.020930690361381076,-0.19889375134645906,0.03554749085812579,0.04658993485777864,0.0827868034772248
10,0.08027794272746393,0.01902730664834516,-0.20378875387122972,0.03754493078146306,0.044362641129886624,0.08138269322015432
21,0.0738606949716428,0.015784659797100174,-0.2013744124221141,0.04137727738442465,0.04250307702405229,0.0869143117399479
1868,0.07234143302940312,0.014778626609052624,0.18671593089511795,0.03074690372236848,0.045633175498070395,0.08054845057712987
830,0.07621707148672077,0.01631628581240526,-0.2003269212289566,0.03416671286351835,0.04126662821897819,0.08299226358187603
576,0.07805062374648394,0.012399172842922244,-0.20047124211182726,0.033921387793898354,0.044280617861529425,0.08211301249250826
875,0.0747388413147977,0.015659390167972336,-0.1958579859689566,0.034056340470087924,0.04505650115383279,0.08065822897087704
1989,0.07657668223881782,0.016019822837475956,0.1893025051367742,0.026800270476116085,0.0421981535518176,0.08018868752688019
1665,0.07563468271421141,0.013357863412308239,0.18811934314495388,0.025584057999300875,0.0458391282242424,0.0768920794006246
1813,0.07107394456844683,0.012382405061468161,0.18761534242344516,0.028726244101340885,0.046780285251760916,0.08074502652007036
129,0.07465828277295898,0.012079123372672775,-0.1935476635867259,0.034359458169502026,0.04263282307499659,0.080865813565621
756,0.08182204379150164,0.02038418617581249,-0.20240805777563775,0.041319513315464275,0.043839093662783116,0.08566321607699161
1485,0.07336586420339473,0.013636153793537468,0.19442995617740663,0.03198888254114431,0.042754407930751075,0.08308060143413155
1250,0.07005926620921227,0.016956419152198737,0.0913775079619888,0.04227991414643485,0.04224874406193268,0.07610333897555624
2017,0.07320329136034126,0.01127877702244654,0.18850287255907797,0.03484836931647188,0.04569489478541823,0.08131868977579922
1421,0.07500485443161288,0.016826279261576323,-0.20406896548605669,0.03652474095019591,0.04182229065698008,0.08118443890221291
1679,0.07127025822034395,0.00738371514986851,0.18128019600626055,0.024317532863213663,0.03992092361567727,0.08241157425681284
380,0.07297367845249622,0.017946974940389805,-0.19947507220110927,0.04002060842044613,0.04663446727572441,0.0792783649240779
454,0.0726761695558693,0.017479893565021488,-0.1966426075820406,0.03673825523091137,0.052701058065980175,0.079038459856573
1390,0.07635802134378922,0.017451213030928142,-0.2019808048459761,0.036722545081902876,0.048765509001117514,0.08269090098098042
918,0.07148190167976408,0.018787065292817814,-0.20052344593910992,0.0372650934498553,0.04781589094263729,0.08168403111597272
2088,0.07465870388644932,0.017613333044856717,0.18908152975446912,0.03796194837273437,0.04450236186500123,0.07503284439005886
560,0.0745692681866318,0.022618634887351968,0.09315922429461065,0.032678094988075786,0.05052094956497169,0.07782732928491831
1119,0.07722332368786854,0.015785354216046245,-0.1956869297697327,0.034790995214279044,0.047630295238236926,0.08148694622358324
2102,0.0684277307266889,0.017026606571340475,0.18944354703786706,0.02821189782104922,0.04398987785031877,0.0843986524292195
32,0.07897756610983404,0.020915680340005047,-0.20133546084412154,0.03953860510546465,0.045166783690473084,0.07399092191136367
1629,0.07345788673665535,0.013961291045841737,0.18699723459708276,0.026529410862548005,0.04183235836409194,0.08777895873698002
1712,0.07196031838604125,0.010310366126428293,0.1876156483924432,0.033473353996194485,0.03870734784070564,0.07866961229241545
241,0.07594144174377711,0.01637957457981052,-0.20043758226132,0.039262443567432144,0.0420985422842679,0.07967765629534466
1240,0.07723131013933916,0.01705213963451479,-0.20034253081639142,0.03265242722288159,0.047705566952646355,0.07814762328044732
393,0.07482493495942835,0.01931691504776161,-0.1983070452461076,0.03825959734606202,0.04202173112341207,0.08260414542145335
159,0.07525962118223434,0.017497266248312385,-0.1999180236375498,0.042289260780211536,0.04857849626193574,0.082301065643281
570,0.08136294193559776,0.017345508568787516,-0.20011143828278016,0.039098521105378585,0.04553061720587179,0.07884639221008968
1609,0.0759152869898966,0.020633568134920205,0.09579368703424247,0.02720718165293114,0.04638262200573993,0.08674547543928403
1562,0.06894297491002634,0.016869898044957924,0.19094819268671231,0.03404111853878294,0.04430059311523554,0.07899149758483096
1969,0.0705995547232897,0.013887020631213165,0.18847115039278906,0.030823023284319274,0.04024329661528319,0.0761841580923429
284,0.07206084964979044,0.020271667944363917,0.09237243417463553,0.03525197169009214,0.04502611789266713,0.08628120961605222
1616,0.08120235736192655,0.01658389737236125,0.18905544561519522,0.025334615898316874,0.04462739007937789,0.08212094292326452
835,0.07566715595281785,0.018403672879388017,-0.20123427682183517,0.03381848609506558,0.04836362617281068,0.08070791390722905
194,0.07641432132486678,0.018084768009355785,-0.19833780249193034,0.03649041865213493,0.04446693022281743,0.08307882098478704
2162,0.07463657413688984,0.015119478262545855,0.186376175162696,0.03311117948615138,0.042924737625065316,0.08523546952639999
1999,0.06951861956867811,0.01525153508015797,0.19241464596644992,0.03321485165232,0.04357211362287912,0.08209333204238134
1483,0.07103032519355792,0.016949752481251947,0.19260824350281291,0.028883627201240266,0.04069040217133822,0.07917584272867922
1378,0.06889080051440014,0.01615626216110455,-0.20152477411701195,0.039915989048991685,0.04838024621943802,0.0884099659297975
983,0.07316403178087663,0.018622991689425796,-0.2003899424819132,0.03844041605266331,0.052487535499077385,0.08291279250923117
1689,0.07070197352973016,0.017145978153230972,0.18812971221630231,0.034135515808390936,0.0379237706790092,0.08386693650029783
2000,0.0669113536709756,0.010107112839317752,0.1873744983108653,0.03757106818289504,0.04154346431706791,0.08045802064152813
377,0.06959675325645738,0.02034727912640588,-0.20043417922906415,0.038526923231282484,0.0520055442010241,0.07993920125563711
2147,0.07838385466110807,0.014572466374596249,0.19067972891395854,0.031236991135642246,0.04344887659293091,0.0826196719470381
500,0.07046565885651675,0.019708631639670633,0.09368823963163084,0.033749399646534506,0.044045399711167395,0.08390767228494105
769,0.07228699508692801,0.020050651704990312,-0.20161518872259898,0.033883432417540583,0.045686034098380096,0.07904248868137041
215,0.073103325729995,0.01572350006384375,0.09381862168009077,0.03494887474467043,0.04925174175212965,0.08423630750379421
1069,0.08180978483481208,0.022187099063678422,-0.19984619224646852,0.03533490966585113,0.04910060249159163,0.08446347174208824
2068,0.07119898108315309,0.010137807653815936,0.18923671580912724,0.03443621864951837,0.0418876663770455,0.08250919009669738
1894,0.07260019234494526,0.016823632561183716,0.19233597511766848,0.03040825269349858,0.04382489241511017,0.07942217519204432
1683,0.07410282302038167,0.010544511849188504,0.18770195762247227,0.026541637180725424,0.041938067041771054,0.08489527763735781
674,0.07098094432804733,0.010064428529725096,0.18975935032146862,0.03454230399141498,0.043522651655318205,0.08360078447985198
1825,0.0663474079519944,0.014326089581276225,0.1880952918091822,0.032708195090338094,0.04174831093618887,0.08114047723615929
1667,0.07680803290438994,0.010670703793292362,0.1919866148927705,0.03524766159281507,0.040999582887654706,0.08106656635717115
272,0.07030721051787084,0.022845437715378846,-0.20454835394811563,0.04141034214565719,0.04765453970985938,0.0812981110673509
305,0.07803789319798221,0.018873496199791943,-0.20171066035466462,0.03616738322357197,0.045036980320906805,0.08245349325214862
1757,0.07261559640825077,0.01159806382202774,0.19583173501322834,0.02875139498368273,0.04852195057328254,0.08530669464110578
327,0.07447017217548516,0.014356376879195202,-0.20473268154212138,0.04132013844750308,0.04474146396356115,0.08090451380298655
1995,0.0747944726089612,0.010853291629038898,0.19197084098827913,0.030100326230581113,0.04962896902630644,0.0797755468496932
1025,0.07555875705182173,0.012510601767557798,-0.20286946423790403,0.032952221294068954,0.03753966296774256,0.08151752111888727
319,0.07521808983511351,0.022400301324364765,-0.1993644906087956,0.03626090463326626,0.04497805362249311,0.07629824420165474
1219,0.07468624739238952,0.01867940415868835,0.08838347452217203,0.037387913030312046,0.04871800350473749,0.08433653487595211
2080,0.0704682354617619,0.014725453508918575,0.1879543684679695,0.03154816811227476,0.04209448419225714,0.08453688032754914
545,0.07447750751127338,0.019280164489418147,0.09193936569339763,0.036560450653034,0.04481453883366851,0.07919288206492928
593,0.07971900351703633,0.015146323689461453,-0.20051792467452328,0.040429105128378835,0.04497142144139764,0.08015281561376436
538,0.06667559078009032,0.016457470900628317,0.09183908909584275,0.030807775212171058,0.04174225773221897,0.0728403369543624
2038,0.07072044230241768,0.012738584788667498,0.19027900129926623,0.03312931622353813,0.042741889846541925,0.07983092374347181
411,0.0728687566536188,0.014641107115510414,0.09025372893218842,0.028140770617191096,0.0522367938526468,0.08531383065005431
1020,0.07740508892288867,0.013341094318944643,-0.1994515573594764,0.040690487636788154,0.04529839961024759,0.08252096115309229
840,0.07099293663637128,0.020406684476028038,-0.19661731229290993,0.041841062718245184,0.048040725892908615,0.08336449129696266
427,0.07728633983081062,0.018479764020923103,-0.2027404766873551,0.035511078389960926,0.05147217740390221,0.08420398406862199
793,0.07489505468384948,0.015667000616805232,-0.1996331761593907,0.03169471938436828,0.04615132820089864,0.08205115441911363
846,0.07394846942994508,0.019209643412697965,-0.20152195990719413,0.038852378359983716,0.04779536735794882,0.08012523580834863
1135,0.07326203314356305,0.017083693563410822,-0.1994794016547945,0.03540834061668313,0.040619568986370494,0.08556461411697931
362,0.07581519229891538,0.016281582534763504,-0.20097787791362867,0.040129828019919635,0.04195937844223154,0.07561416630512953
1748,0.07067301814228268,0.013625029473585348,0.1919251161627757,0.030773141822099694,0.0371557547141461,0.07728869845501399
567,0.07213037508626322,0.016466605612507804,-0.19688171216597505,0.037623130632414965,0.04378930303886036,0.07550559791224346
2027,0.07196492139332836,0.016831918153637177,0.18723738697765832,0.028815068255317444,0.04056948014199715,0.08140708525070571
235,0.07135138619913907,0.017107241715567368,-0.1928940761658586,0.03809136504565571,0.0429493639802676,0.07940958083492183
691,0.07286095468935892,0.018663620773712173,-0.20303262255137075,0.03695638662944211,0.04720604901860789,0.07664260000266442
2084,0.07527927372380447,0.014232047925568349,0.1935645088353954,0.02910498593711408,0.04114694033659776,0.08169969179159771
648,0.07323731512768387,0.015774933554559573,-0.2015752906185487,0.03963776980451812,0.045545939815808754,0.08428778264296301
1980,0.07208519733173413,0.01159200789510595,0.19119037773206296,0.023698078663281073,0.04317703884654151,0.07731689544067213
1886,0.06388319639855297,0.013989376131041174,0.18420999204615324,0.02614751274339943,0.044319086865205096,0.08617346612779264
682,0.07241565126131837,0.017645054064340592,-0.2017519280788975,0.04030428257129251,0.04683997305262406,0.08135836603201653
801,0.07171695808470865,0.01878692614735253,-0.20529532698571276,0.036544967953430464,0.049013957196317424,0.08392005354893728
71,0.07484741724956533,0.01719366850794929,-0.2039263195959605,0.03988018799531391,0.04515894217993014,0.08062886617263137
1377,0.07540187870569336,0.01398148183316298,-0.1984317622987724,0.036586978138498316,0.04569018079163984,0.08416008958872043
1607,0.0699852074791118,0.010241068039043595,0.18950618513978038,0.03248164148758085,0.035667960491344124,0.08691019141509866
1230,0.07218382469621569,0.025804576049075517,-0.20163623862387228,0.03811995587605145,0.04692001227419333,0.07586527880477772
1611,0.07115928457329364,0.011122001678206034,0.09160043742119431,0.035743671932261634,0.03838575888371386,0.08174001308702941
1856,0.07322128545395562,0.017069038020938492,0.19231318214259857,0.028162254015743765,0.04113232904387767,0.08114211351147314
908,0.07663031426934562,0.019364083764917252,-0.20243986436593042,0.033580595466307456,0.04952502723614009,0.07982916256739905
91,0.07526841877984737,0.013313912423134901,-0.20245235332760197,0.03255599708636245,0.0449402263108909,0.07906685011621498
2043,0.0728784480107698,0.00942857703158863,0.19046064192695186,0.03491072219245913,0.04413310209764851,0.07963763331613018
1522,0.07478368943546221,0.017836202465088078,0.19562583266075279,0.03836776559963256,0.042699117802614504,0.08657620780858123
322,0.07729915722219115,0.023808483247150125,-0.19865484657955734,0.03940513005321461,0.04488345998268477,0.07666483813737159
1959,0.07190537845983895,0.01712788577478691,0.19006677981883194,0.03424935597751228,0.04740406923740682,0.08290534785300543
1882,0.07544931297290194,0.014780619297440905,0.18126460874093628,0.03270565546659944,0.042209358540339054,0.0769389839082845
355,0.06948245224559862,0.020311710266371342,0.18851166847024342,0.02865760827985419,0.042260574427689795,0.08345134005461322
1318,0.07054314238424056,0.016419670387380195,0.0919715251794607,0.037548323328040034,0.04345282454200349,0.08208075895070022
515,0.07687755096704012,0.02396009848630589,0.09504358168883505,0.034111001985649717,0.04725069196204485,0.07737580420236681
1047,0.07765595380433195,0.02088504726692927,-0.20013794452210085,0.03757184417557226,0.04874770568741976,0.0750025243932483
1854,0.07640037987050935,0.008669090576065654,0.19238974441009968,0.03445954667817628,0.039264471842624056,0.07794942710963458
1536,0.07381273138628983,0.012697546381431888,0.1913603515541584,0.027184682519061188,0.047700168838398053,0.08143880232687799
364,0.07536221112937305,0.018786559384769554,0.09400192374792113,0.03440978857389706,0.0478418468409927,0.08007422686763663
494,0.07158688976586176,0.016600256210638428,0.0903883406723445,0.027421136039280147,0.04565558494554063,0.08420686068381117
173,0.07548010701315096,0.01614380057857921,-0.20071940837179925,0.038413202937151655,0.044138496770324886,0.08296630628207347
568,0.0767647924603822,0.021861513753158025,-0.19762623634023138,0.0412215556409802,0.04900931107293839,0.0849979248187243
1814,0.0639965083360589,0.012169888817002471,0.19017320327734996,0.028298653433038445,0.04218163333985854,0.07590741626024212
2014,0.07172157939321172,0.0158080704168388,0.19219921760055234,0.03435563871253309,0.041992853343650056,0.0831621321237926
1301,0.07621634511102808,0.014598402286631746,-0.19304108227770522,0.03898665361592539,0.044912476568774506,0.0841583153609686
1249,0.07579928002051926,0.020814038674941897,-0.1989034650462191,0.034961388456818135,0.04394623465307542,0.07918583074340854
1523,0.06918074879300429,0.005460712909346655,0.181317588558425,0.026464027541989805,0.04502313400388516,0.08300410405649634
1466,0.06740170113053709,0.013323712757474036,0.18711882711337063,0.034814437578462844,0.036127268006378006,0.08335518424003409
1389,0.07536584344946096,0.019171039937205665,-0.20027179572851111,0.036874508113741364,0.044656103823326555,0.0776241215823856
614,0.07190987094598647,0.01762979473556911,0.09031193070184892,0.035322870768562054,0.046163467206609396,0.08136147201690914
1460,0.07587514415089877,0.016846635033052674,0.08922228330437731,0.03239308175064084,0.046120192306918606,0.08533484617406467
1827,0.07001791730638865,0.010493691456654183,0.19156124958491777,0.0296860288768379,0.04216044413143781,0.0783656170320924
288,0.07433602942605716,0.01611999143515584,-0.20149870585682575,0.042582079604668886,0.04591433750137416,0.08165973170389546
436,0.07695082797121357,0.019910438133824884,-0.2017137755508488,0.03587523281093498,0.04380653112025285,0.0822068549742739
1567,0.06998230337830055,0.010613132228230205,0.195018736648461,0.03403126743046231,0.04498770779335163,0.07911587268089706
1686,0.07179410277446187,0.014933407454006765,0.18758549906141278,0.03506513263746934,0.04566503089491783,0.0796573471547528
447,0.08311708712677607,0.022456731896212546,-0.2002985116291039,0.03706900312089945,0.04473752338173061,0.07902870324584205
2202,0.07011719498686905,0.015735076476230386,0.1868904029256941,0.02785123257781706,0.045551768739445254,0.08303127551317192
1743,0.07245063642629283,0.014919600888500775,0.18700100424219612,0.0334759289566499,0.04276530734998345,0.07791072337606485
601,0.07348435784015972,0.020745731349229593,-0.20109053804603771,0.039314192875194685,0.04112933419814479,0.08064796827371185
38,0.07190022042326322,0.018649307677487893,-0.20394072177875483,0.045066617036992815,0.04354598034806217,0.08538413971885817
1434,0.0758503989328651,0.021194432188894732,-0.1949318777651658,0.035861408149399664,0.046354619679688035,0.08484805478917985
2023,0.07377287791950772,0.011575601511349991,0.18870609395087767,0.031268209302446004,0.03729495823593599,0.0792629392841163
664,0.07746500842328846,0.018716696937030017,-0.2039952766925619,0.03868364370204613,0.04716993814011582,0.08008065948916052
1215,0.07540954617708827,0.01900417759217514,-0.19818665178237782,0.04076660305236721,0.04367752444221332,0.08112158652800822
2036,0.07253785449062553,0.014941696529427066,0.19333967883671152,0.03518205130621015,0.04350069017158127,0.07936163517181447
1760,0.07402235604784553,0.01579857470832694,0.19151567019857754,0.032969562166234624,0.04588243171783539,0.07708090460639985
638,0.0763012547127976,0.019249303126997252,-0.20313249896519542,0.03902557218981756,0.046488972139503267,0.07696800530589394
961,0.0730052326301364,0.018058558054463162,-0.19796312470056973,0.03419226280448562,0.04759723881325047,0.08641496858809058
883,0.07926333897122631,0.016179147773393767,-0.19600106843509513,0.03595521843116707,0.05014161542304101,0.08097328017988661
1859,0.07111895464371998,0.01170075048145924,0.19012195492460132,0.02973204422438473,0.04472797175703826,0.08085129289315361
800,0.07809524936832368,0.01864564298041135,-0.20095024303540135,0.03519591096501218,0.04723994687358147,0.0795262663109574
2191,0.07519081465683963,0.019091626848032294,0.1926639677764625,0.03170831648156216,0.047908677093754584,0.07766910872193244
1098,0.07748622153403327,0.0190378148830095,-0.20198147872576983,0.03561358976867366,0.04581610820186678,0.07567738056129972
220,0.07714902389325966,0.021707827097445738,-0.19859815295627997,0.035206757340848334,0.051283810620378116,0.07717389949693172
1416,0.07383044360683749,0.017919761508597466,-0.20446763317244065,0.03686044465511822,0.04875021984366095,0.07509131422795905
1595,0.07071663714590967,0.016733705356496414,0.08712097289121112,0.027817846992347885,0.041777655280117995,0.08250124757706684
1234,0.07405535811998268,0.01596926340464598,-0.2004737979008508,0.03578550290898051,0.043991942629539725,0.07886615089388493
1492,0.07461849226263141,0.011356940075449112,0.18665841833258598,0.02522409684897001,0.04054195387223115,0.08148364319123058
1247,0.07957399327512299,0.023892940377457494,-0.19734514070827042,0.034141616260859195,0.04860097898154028,0.07805766430928271
1547,0.07105797602024144,0.01550852934476519,0.18411432458346866,0.030558655204679437,0.05110352117727959,0.08206490197159748
913,0.07348405909349609,0.018165190241134985,-0.19978378092385002,0.03720175119899723,0.045545856404140835,0.08159450265364036
331,0.07863637438855307,0.020413766201570826,-0.20239988988735907,0.037816310669564125,0.044135505133690585,0.08482640330868264
1272,0.07370468547462679,0.018026277493019077,-0.2047786589537604,0.03242623332086614,0.046230674320946456,0.07537319020531506
46,0.07563927937338116,0.015298846531702078,-0.19605999935169083,0.03750628512054986,0.04371289407071129,0.0822910318693689
2201,0.07525864350938746,0.009243679765655311,0.18755572796097858,0.03749254568122777,0.042140131624286106,0.07710847293200965
343,0.07553497125022172,0.021486928598207167,-0.20498450901211185,0.042169778944705076,0.045573881460474516,0.08021406122112548
1312,0.0781942619620157,0.01854909326332911,-0.19696868533443135,0.037463208678604046,0.05174007367569161,0.07871072808577166
19,0.08058667351313711,0.017515489911116257,-0.20130368280116098,0.039895356395502436,0.043324292751194246,0.07942542310035239
929,0.07682818782761298,0.013160285691428648,-0.20105118771286826,0.03643405486037354,0.04632479418676031,0.0821103747655987
1186,0.07648377470814613,0.021721619088190192,-0.19967886879939978,0.040047878486800075,0.043376624112454694,0.08207962169913316
889,0.07674475088044336,0.01839633891444693,-0.2056326868637485,0.03891306642709729,0.046251077040839694,0.0766487567335206
954,0.0767600174917768,0.01987831283187543,-0.2001185997486341,0.038197965481980324,0.0408663400743237,0.0884612241287073
1598,0.07204415462367787,0.017296769229939817,0.08645943134186038,0.03707461348099524,0.0427951992926632,0.08062634238084707
2008,0.06956074156118315,0.011974945715362659,0.18761814477339325,0.035069829941105635,0.042269591689864584,0.07569076373585827
2071,0.07355217627065015,0.012404523699666508,0.18984392383573248,0.027411528185947467,0.048127141992710655,0.08235934438228275
2167,0.07479164602843903,0.014794951865121949,0.18410896342300548,0.027311275640867928,0.042919610034297916,0.08297902776094365
89,0.07844140227328114,0.022162695568422992,-0.20610781406182524,0.0371242028726266,0.04481112394384712,0.0825122231993971
1216,0.07673114847157615,0.022291548803620317,-0.20249010660628972,0.03914858747494613,0.045856780857158205,0.07718661570482563
766,0.07759777168360907,0.020617840832552498,-0.2028972821068122,0.03901182839172853,0.04947645340624146,0.08098200620878965
1600,0.06891371927637516,0.010478236374489016,0.18804035789642776,0.030736037656406538,0.0444678217744234,0.08297785846388996
1128,0.07925921119932045,0.018467988181492433,-0.20529441244882574,0.0414951649189544,0.041272087277554347,0.08187166268088632
473,0.07293095199153098,0.01809438686349033,-0.20247611660089912,0.034977262265112344,0.04899662352092864,0.0751835243136351
894,0.07169191172856995,0.020750417429497108,-0.2001442651479636,0.03848588709152059,0.04877165654124053,0.08179321519668674
1001,0.07540941754185516,0.014637174189202616,-0.20106388799805297,0.03925095359896544,0.04776981794978406,0.08419341493035748
172,0.07902343367514779,0.02334042784124149,-0.2006559418859708,0.03643390331015025,0.044891280713466396,0.07853141415389266
519,0.07907103612884249,0.019375864890825087,-0.19964495612480773,0.03377748269241877,0.044270496641909234,0.08349004974765731
753,0.07569055277160672,0.021512011629857743,-0.20356345360897563,0.03874005915858906,0.04542913880918861,0.08133252839157425
11,0.07415028488367768,0.021210378274621758,-0.2035371751559914,0.03699063820899016,0.04598550374195706,0.0851055446907867
863,0.07591343295630945,0.015950461782544983,-0.19974310563024228,0.04034617090288553,0.04738324925821455,0.08442836429606154
962,0.07823728682401822,0.015958277555934156,-0.19931028729666683,0.03247510723897822,0.04341933299797006,0.080520520771324
2169,0.07044712250558546,0.009476217604890733,0.18833251501878628,0.035436401824364874,0.04362021961626333,0.08282557547950886
257,0.07837151166696814,0.021577684886232764,-0.20043357817599938,0.036821977521757907,0.04342980929402071,0.07812292163481951
1384,0.0726876986227657,0.017664046442322962,-0.2058651946811517,0.039826338566145966,0.040372218090380475,0.08133007750162337
1822,0.07984738341811957,0.014635324276382157,0.19371644454603648,0.03008921679726147,0.041990095359989515,0.07564643873201805
1964,0.0675269897058796,0.020580915407836034,0.1907564686820199,0.03300063774126403,0.04620709118605093,0.08323046120283775
26,0.07620199076627363,0.015601749989317971,-0.19929782692929252,0.036847243703214516,0.04748892145696159,0.07860363473730037
616,0.07488218335315555,-0.02345765262472955,-0.2016963389150327,0.032276750099349875,0.042837923307231136,0.08461325004343534
1458,0.07947992510229873,0.014030855364188797,-0.20034268432589492,0.040736902127199194,0.042862447087008634,0.0789666819634766
53,0.08145051814907754,0.015012377518124538,-0.2055345762859632,0.03372492621860634,0.047989805055557645,0.07979993120417513
1481,0.07059122444940852,0.017157912497247803,0.18879016119011274,0.034924336749584645,0.04421033879453481,0.07248390579061775
1000,0.07660097783727653,0.017448194177944555,-0.20045637486176182,0.039457306067838475,0.04238297087732023,0.07323301510269103
1153,0.07269544972747681,0.01786487213708063,-0.20261800155331572,0.034917531824346607,0.05015855159633182,0.08020333930549585
1708,0.07012441228071532,0.013836883175365468,0.18757068373036728,0.02956863861637267,0.04261934403790747,0.08590482037649969
1198,0.07599497443995784,0.017531332568237988,-0.2030553477300897,0.04053953819192531,0.04040499645133354,0.08446861608612449
161,0.07536860127422479,0.01980314208340558,-0.1980049815015474,0.03631317420687067,0.04426340408135801,0.08051853239715065
1391,0.07495730106696118,0.023813833714638463,-0.19596123074405056,0.03698842470876003,0.04346062662510117,0.08319210517193719
946,0.07366779202569522,0.022898964028750652,-0.20275262588095883,0.03833608502999982,0.04838580907244674,0.08099302694169709
1340,0.07692384290279755,0.019562040712576754,-0.20020144860327496,0.037639350550057925,0.0461457171838485,0.08142378464778198
1713,0.07326149786717526,0.013462768139518367,0.19419966866772567,0.02964638950060861,0.043312442113905295,0.0830532741048276
825,0.07199049736695587,0.018308065947960386,-0.19992094861412812,0.03148573506626175,0.04263599727801029,0.07696076953336507
1472,0.07160526212228017,0.015224163342756199,0.19215534776130658,0.032325215650157196,0.05029480598638131,0.07831153833677414
1998,0.07501526107679524,0.013105209474061297,0.1904949359173412,0.030484972930596956,0.039515036325818854,0.07876279692246713
1988,0.07230230347611606,0.009458372622920633,0.18771111282181918,0.029972359925739746,0.04320742297393823,0.0804074299258413
1461,0.07494097368286008,0.020219427727635488,-0.20128443628394,0.04286597173434053,0.043666248087771566,0.07688126223826965
699,0.07316647546525264,0.013516198406641929,-0.19595371385426566,0.03471518573632075,0.04870506354255335,0.07892086755028963
1803,0.06934162187919386,0.014152926041633186,0.18919767093365092,0.03375883647780624,0.04173851146323644,0.08396172934217579
885,0.07359793158007519,0.021132487106226814,-0.19905747476562854,0.03514235403903326,0.04337854983517792,0.07943252793344278
901,0.07878822603646052,0.013318782172240418,-0.20132807057754806,0.03918871829161537,0.04383473834368846,0.08198798800030362
1169,0.07996649921106627,0.022603802268589514,-0.20084296402834836,0.03765590765416533,0.045540324172550335,0.0813113572041075
2178,0.07287253581659726,0.0107853926876141,0.18835668045200415,0.027926640705046055,0.04167580210142287,0.08262325589214801
98,0.07373842348927839,0.017946096276853417,-0.19824917316384194,0.0400033960721198,0.046057447610707465,0.0755964540413613
6,0.07823102999751244,0.013371189932603417,-0.20046002355311268,0.032661550473610815,0.045435242006242195,0.07506740294232682
1783,0.06976414718031408,0.011834340861229276,0.18510982875277213,0.0328192471170743,0.042441166726276944,0.07115880810686212
782,0.07679013747199015,0.01518957841956714,-0.20125448151455552,0.03559482564707573,0.043131512674812654,0.08537422416389624
1704,0.0725213557761846,0.009221730756810226,0.18963104517508003,0.027650901704218064,0.04493097769782739,0.08028883239359011
1223,0.0671182343535101,0.015205161735543437,-0.19866543403666798,0.03515631647880126,0.045050912303382665,0.08755038490513486
348,0.0738717414641657,0.009471622671866565,0.18792781480999818,0.03276943206682229,0.04308239171798624,0.07974808076623266
61,0.07024083636304415,0.016997094087345087,-0.20041184284204058,0.033291707929503506,0.044811507666586634,0.07922107836596101
2181,0.07724395538043773,0.009666663947189968,0.18911829991988396,0.025567440699435513,0.045095125109259886,0.07671935664096721
2160,0.07234053825024898,0.015345737581202747,0.191964068694055,0.031863186481582415,0.045312170289641726,0.07859901122104412
1205,0.07096350768220085,0.015363451645377006,-0.19923925876930895,0.04324760832058121,0.04531863010209354,0.0780539290764874
1615,0.07395070505195682,0.012433991712087178,0.18787337188322717,0.028833691291658706,0.045682224356920875,0.08348047847161892
621,0.08227869327140674,-0.020747470636870706,-0.20480630321740018,0.03845054349458089,0.04664414551932641,0.08442356061166026
1101,0.07602526858329729,0.020104071278371206,-0.1999463630571105,0.03758614633076332,0.040349492417344965,0.07664777681084618
1371,0.08130837058571144,0.02278131884803048,-0.20712944492962132,0.04014599952739953,0.047243885457532504,0.08421008151193145
964,0.07630177362304127,0.018225934914753803,-0.19992150516271562,0.03376558974988338,0.04797757955152019,0.08165465612723537
122,0.07499424052101586,0.01783819631350446,-0.20006763063228894,0.04228550882755502,0.04313516453036088,0.07959826496854343
2114,0.07390419973885393,0.012572104424221357,0.1954815627241352,0.0322144586721605,0.04415744025137267,0.07974797911616394
83,0.07084689370101203,0.021470421820789367,-0.19745684533984897,0.040484599038792694,0.04359310091217549,0.08763220557127571
1747,0.0749029338306768,0.017359610882865348,0.18895442496595638,0.029426563507771248,0.04233898845674246,0.08696377267367199
641,0.07608250891174405,0.019854189540454793,-0.19923585288069676,0.04246542521048058,0.0430602898681801,0.0825204193929847
1501,0.06934265936588653,0.013695012750847434,0.18852886284275458,0.034366694407602795,0.042436725098569036,0.07354739114280687
421,0.0770895664755114,0.017455727632332413,-0.19875730035093045,0.04068361152550257,0.050706580901321796,0.08163226424159549
112,0.08137294270997264,0.01788396912728693,-0.20229057906823877,0.040564530605865234,0.04796761066962676,0.08345817923052132
571,0.07968598337808917,0.02051876665659623,-0.19841528546508358,0.036718104266934865,0.04750541188819048,0.07896905002205393
28,0.0721652933214522,0.018031523361464206,-0.20199295944717918,0.037941436984952094,0.046778744902258126,0.08397770682181914
1052,0.07554092724570408,0.023501007480345247,-0.19888610330732692,0.03384133780247793,0.0488451264924674,0.08532683956690676
635,0.07171152158562268,0.0157036519597259,0.19668522129363808,0.03889695725378079,0.04806145920098937,0.07981194599075338
1500,0.08062138934644897,0.020342199692133238,0.1934433532379678,0.040309570461901326,0.04678884568110348,0.08298371925027512
2003,0.07094275230091712,0.018854107572753936,0.18718714257329008,0.03066195114067462,0.040455456314596586,0.08165694343259952
1818,0.06925284143071318,0.017989884075071755,0.1874462596978413,0.03312580599548835,0.046836072183283124,0.08075049818604711
1559,0.07160251630364532,0.011163550332426313,0.18394554935106475,0.0291591314661093,0.04311349972615879,0.08260856915015287
985,0.07592443745861263,0.022028826100058862,-0.19639650393915634,0.041099819773919015,0.04594485458475134,0.0800613447365074
1732,0.07388037864928583,0.019175635204636644,0.19225933205960433,0.0312516160158295,0.043217584492077576,0.08880187612591156
1282,0.07081324606722378,0.011535730397668373,0.09222920514271904,0.033517577223261236,0.04558028577239056,0.08329134226375493
1724,0.07451372221198578,0.009225893990443122,0.18596918172072255,0.02728767908048487,0.04051644799422546,0.07917403302601699
2166,0.06802549727911543,0.014910292133651958,0.1896806408096061,0.0353895910298576,0.04145352009732796,0.08404686083031664
198,0.07618423453391036,0.02146679286858952,-0.19998630387897465,0.03850576771614297,0.046015934362711834,0.07716148944218583
1643,0.07557589582347535,0.016261187892617116,0.0916212801358763,0.03225410857670539,0.03784286911177047,0.07880066063745782
729,0.07655901159652766,0.016706955410549864,-0.1984305753920232,0.033538020269780935,0.043482718930486164,0.08100898344607622
1309,0.07605715477203744,0.018317782199543015,-0.20422569199407786,0.03832956615458883,0.0443493409639512,0.08116396774192039
710,0.0782247621190051,0.020958721700964918,-0.20417338432878923,0.03984650017088265,0.0448058619558928,0.07949507442425274
1801,0.07412831649509592,0.012739206725098326,0.1885771961163596,0.03365710580754877,0.04278669151677051,0.08394968854555353
892,0.07368584925685538,0.018938636099288184,-0.19815290060018628,0.03229629250854009,0.04369568276266601,0.08302150798530972
1518,0.06694577466161761,0.013631260465446169,0.09081121103761776,0.03281871399531273,0.04145522625574704,0.07839831066416751
1252,0.07541498315693389,0.015233742142804473,-0.19992225976995295,0.03594152737247167,0.047600841139798504,0.07915975356258066
1776,0.06856112515072162,0.018898027671245883,0.1933316223779712,0.030823101049555233,0.03866688137564695,0.08422587655761218
760,0.07126294278437667,0.018067924994651482,-0.19931959131110627,0.035340360952266496,0.044167808400344476,0.08227571715618075
772,0.07840546499256326,0.018993118266363417,-0.20040765871264385,0.03385438408275472,0.042451064624378816,0.07795369612113574
1150,0.07623014884193033,0.011612751420992364,0.09320017552173422,0.03126034120793045,0.04761960376005795,0.08245622190421162
1067,0.08008159325666622,0.019730098864171042,-0.19818692496319354,0.03662262992621804,0.05084498890432859,0.07767472413753262
1728,0.07640209409611386,0.01259977609493418,0.1899161311660202,0.026916205383514375,0.045036782748905116,0.08158849868043716
1996,0.07414356764844388,0.01410305121940344,0.18494635959843095,0.031138638638890114,0.04220497530678468,0.07906526138406142
1961,0.07483036492909678,0.014863715166194554,0.18606351654290934,0.03036398596491751,0.04259290951831891,0.08004640260909245
912,0.07833013814800573,0.021142582440877904,-0.19925353092094722,0.04071048231805039,0.04750795038315257,0.07975152716174724
2185,0.0721967297165266,0.005759658064432159,0.1897369984112067,0.03512871617537422,0.04311773298535192,0.08341998909902747
1220,0.075627498466515,0.020810048587940257,0.08381550259614218,0.03392035730862014,0.04496146421464561,0.08942550261327804
678,0.07067722582429005,0.019617596370023135,-0.2025517291893947,0.03646101368626965,0.04572807510330617,0.08350108172092058
1011,0.07801279333246951,0.018178354741541832,-0.1987927630443724,0.03308597034276174,0.03972449677474539,0.08336428491994052
1603,0.0724047288735647,0.015508502519731066,0.19155335476286284,0.034728546679778316,0.04387161705078525,0.07524563636628026
1123,0.07526104713281648,0.014608665127667527,-0.19798838294166388,0.04141055447994266,0.046489000844287226,0.07778386924824543
2134,0.06922854721604338,0.012958470503718436,0.18905768540364373,0.0314339850879513,0.03964453741784262,0.07829344128527967
658,0.07700878785741234,0.020596345902658388,-0.1977294858820358,0.040344913720339465,0.048371381877589964,0.08194853239605583
1206,0.06900418627262904,0.015722433719304388,-0.2035723943249344,0.042392133509895624,0.048184645776997284,0.085082713537619
866,0.07590241804064658,0.02166287523342082,-0.20136778325802338,0.04258264281725602,0.05067374238304778,0.08257298302836447
1027,0.07504062418394072,0.016442802110578233,-0.19767548789922568,0.037275207607009885,0.04334785242682592,0.08619390997995949
1796,0.07419628294299424,0.010077499341708361,0.19534455527389633,0.03011102640892688,0.041523746422816574,0.0849759486655962
1394,0.07821318077904867,0.023425455279538637,-0.2028111690502,0.03976029577357905,0.04895232217145029,0.0733154486343593
1580,0.0758832892935572,0.013701072542398354,0.18600646858571965,0.03258278659213094,0.04466155198938014,0.0898277208363742
2188,0.06779949887238541,0.014172789396446539,0.19287743645274802,0.03055338253134401,0.04203694411879366,0.08263365731678476
1608,0.07783714122041707,0.01171636246170776,0.18862911755629455,0.032119911458697664,0.043824809997748286,0.07695274390056246
681,0.07622768888352804,0.02079971861863175,-0.20345706964449453,0.03617698566061718,0.04433259918744332,0.08483074886336019
1586,0.07047875876296011,0.01748851825986393,0.18872257323824523,0.029763878287602238,0.04165816294145296,0.07969776215215589
1646,0.06901211236311955,0.00828074130143416,0.1893136932035259,0.031963099982692554,0.04185367222031769,0.0779377570555428
806,0.08031327013050615,0.020768346594095866,-0.2057329315804792,0.035759721408242996,0.04532327460864341,0.08471802906276396
1344,0.07456208471520599,0.015724433686762688,-0.19869033903926944,0.036149250827323696,0.044852327235463244,0.08244403455818393
2137,0.07005802447648564,0.012590256902589787,0.19112199943230845,0.029769805217702106,0.04299676059125276,0.08460764496569276
752,0.0775291611578397,0.01603861276396051,-0.19986873002851405,0.03838205495069406,0.040375435263800226,0.08105849480185301
1431,0.07338305862426737,0.024740531418141833,-0.2054908005616893,0.03728225066891333,0.04527273863754853,0.08098978799817398
352,0.0675243522701799,0.01287413919168092,0.1866000287993279,0.026572172560191572,0.03615147181774476,0.09013967392934347
156,0.07616679249983369,0.022064093038933752,-0.2013347763706704,0.03833113201307309,0.0514006864199978,0.08149347792775807
768,0.07414255559528998,0.018292716293776164,-0.20109593261779068,0.04150210131435714,0.047673165654319054,0.08028298713046825
844,0.07646352592014138,0.024707997107908,-0.2091991943830872,0.044343038080864344,0.048826555481483624,0.08171620953840228
1338,0.07215765291404984,0.01593038580369903,-0.19902542220429328,0.03839439433997629,0.04111698600129553,0.08204878030086342
1004,0.07492135500201291,0.021352751054915086,-0.1991448481803812,0.03514580911902343,0.04275977903695638,0.08362558864559935
1139,0.07918564131721781,0.015677568326936855,-0.20205209250244316,0.04123768629560275,0.04577845362888864,0.078726463227629
644,0.08035108132085372,0.022463827701439322,-0.20802808917565443,0.04653124698400156,0.04763853561884394,0.0837507854172378
165,0.07070842147334207,0.01709507435974867,-0.1953178122974226,0.03882441299666582,0.049090232683456074,0.07666223829595877
536,0.07285767270445935,0.02071842780640239,0.09272870900432906,0.03620627864795018,0.0475468497711683,0.08484193065834061
1521,0.07135881902685405,0.014008446078630455,0.1887860721103893,0.030748861908279412,0.03977988259285392,0.07742627738614391
1870,0.06975014748956937,0.010585874141910841,0.18815608854843502,0.02883002886515966,0.04150154460645543,0.08522271652267066
1319,0.07375596349988824,0.018467884638481938,-0.2018608923150115,0.040840403515125155,0.046777098835041046,0.08084088739772952
1419,0.07529368534132996,0.020869330000266723,-0.2057049440866842,0.037438694467157745,0.04232072802107241,0.07947901252777324
1693,0.07353575656911207,0.014810068470404995,0.18853666268881125,0.031781465279633284,0.04555544158818221,0.07792790811083875
572,0.07854184301849755,0.02133698516441632,-0.20060296332688562,0.03894705391629214,0.04705728135074492,0.0833797892046428
242,0.07388568572205322,0.02303112385140339,-0.20165552450656207,0.03247163434271395,0.04688998618006696,0.08146233149395596
770,0.07578250687161264,0.02256909531695488,-0.20233142084618508,0.036694482943426414,0.045939219392020565,0.08047073685096603
2059,0.07562625033665696,0.013521059318336496,0.1900541879375577,0.02641418761076355,0.04269354028851861,0.08012169567771699
1688,0.07051421440539549,0.014398873560893062,0.18975478109327584,0.02550410582787559,0.04789274018019728,0.08195280970547708
996,0.07571602950365772,0.017231547397071417,-0.19911605418430478,0.035955311147153904,0.043567742185285405,0.0802662624641284
2019,0.06518191060199899,0.012935619279119117,0.1898905956467636,0.03323373335730019,0.0428788816789915,0.07946221316656828
1279,0.07861324483245109,0.016623476476912622,-0.19374276621368158,0.0420188261684957,0.04715900190022435,0.07926369007812857
385,0.0707582035552453,0.01704218109235091,-0.2030623188245299,0.040434708677723835,0.05066932367909818,0.08133518782275174
209,0.06998971030149861,0.017868888720660264,-0.19807237443865375,0.041636141161249064,0.04573129464986729,0.08008304438313803
994,0.07468054897531994,0.015168993504100916,-0.1997753001689476,0.04111910554891318,0.04488312219281736,0.08085542992111516
1430,0.07044615490694033,0.01832325775839231,-0.20185131757468947,0.03682053111577812,0.04843957897631826,0.08364131948087389
1979,0.07265154195389165,0.011735756278268675,0.18856019584561237,0.037500101914873525,0.04412249270235236,0.08075785906344476
1151,0.07505895370475557,0.019111254728592913,-0.19992880559230794,0.04068780978872165,0.04218881433168802,0.07923119775813378
948,0.07373088000117844,0.016712497417962133,-0.19629221076329068,0.03126902258073264,0.04483439607784987,0.0791298854529781
1563,0.07419114790591999,0.01585618732368119,0.18963824765129392,0.03214851067436844,0.04032796107402773,0.07814180155587869
177,0.07640474103084795,0.016524183797508776,-0.20590746398080872,0.0369189333284182,0.04389819313929268,0.0789089551842504
121,0.07721377678099715,0.02443295612892181,-0.20063164609499357,0.037396681371134395,0.03861073885796897,0.08047176253327168
886,0.07798035366279611,0.015819120485466923,-0.19816526221897512,0.03659039255164622,0.05076052560391295,0.08017750893515592
1032,0.07501992508462824,0.02036805990172489,-0.19923398214717236,0.03644263999818739,0.045194870219534757,0.08299533862953504
81,0.07515207487949736,0.017726789831162704,-0.2014955966779224,0.038335076931646804,0.04431730082349444,0.07960749349145678
1770,0.06837189099328927,0.009592526806234817,0.18463069532885115,0.02957794856061384,0.04265193949749756,0.08155834606908488
1792,0.0774836332219865,0.011709145992655127,0.18824352538819367,0.031707136368569075,0.04228710145668311,0.0818227307544598
1422,0.07295807295190389,0.021403428812417438,-0.20173911608911196,0.03648967038146659,0.05116412092955333,0.07798097934432494
115,0.0771052763942851,0.01660237695515896,-0.20299668365402965,0.03465566601814596,0.046845641758495545,0.07916432056595554
1532,0.07334851648059011,0.01580237297776833,0.19212412631246695,0.03203486785330675,0.04546688178538256,0.08014569135376667
2024,0.06728756287268739,0.008188667989177697,0.18953707061702124,0.02958306447288566,0.040704766302089204,0.0863737287269749
226,0.07791527828412675,0.022402431075018592,-0.19786996503045395,0.040173060218300236,0.045924457007239475,0.08432253384060327
2052,0.07188579711405962,0.008877691948165612,0.1897637454229792,0.030949677230474645,0.045666181844515444,0.07746293583982812
458,0.07758971051428647,0.01833444931558577,-0.2007069061180915,0.03621807058377214,0.0479925095140641,0.07832475651539851
1727,0.0728299315486293,0.017711684095846298,0.19309046724713974,0.03277480838155613,0.04517979312786923,0.08413714219680354
1294,0.07253899257724479,0.014260320787335263,0.08745296479016783,0.029480521286800045,0.041748693400628166,0.0757478074688647
1237,0.06918481649245198,0.022457710433811277,-0.19436477760297846,0.03768855342344283,0.049070539119504826,0.08136276551980172
74,0.07434382789641877,0.022062279992230274,-0.20428958066893166,0.03472272017241477,0.046722871669665704,0.0850844939734785
579,0.07775220550602857,0.020328602724709297,-0.20428157008464626,0.036279382941871316,0.04086084921068,0.07669017701630604
686,0.07267172553755824,0.017200864495378325,-0.1956487151806931,0.036225621412906625,0.04773699438813738,0.08072806218031871
1176,0.07632271303863615,0.01397343329842231,-0.2022696171969021,0.0432997807789847,0.04804288794965189,0.0781658387194909
169,0.07483361813086312,0.021798051703191698,-0.20033669418952826,0.037514668681213996,0.042554177190383284,0.08311603737108753
1802,0.06705301411624155,0.01458757187580676,0.1907933191441498,0.032968534783310875,0.04605476990561139,0.0833032087521953
805,0.07587232318829162,0.019764060131869432,-0.2003132422767372,0.033810847612897474,0.048373827992958245,0.07887842515794351
2091,0.07380223828630446,0.017699097248501477,0.18732484989311476,0.03323590625688882,0.045906696678597876,0.08106521089459783
1224,0.07185518417377276,0.015405218485143576,-0.19723464483305422,0.036811284566105766,0.04479085937600914,0.08270962064564315
1628,0.06814388269124835,0.014436131174165097,0.1887506696101784,0.03449489642399835,0.04272997131028548,0.08174864381734774
1749,0.06784247622851769,0.011737653123444112,0.18897368561227057,0.029017880548176285,0.039930693392917445,0.0803435819372318
1535,0.07471089256315602,0.01659238947374827,0.18775434176707845,0.030126576378983777,0.045636487783987385,0.08217870890077947
87,0.07979265765304808,0.018658951678461634,-0.1989399725885579,0.03884620164909997,0.047893192699194634,0.08232927121782596
540,0.07470493350376088,0.020930781636672426,-0.1988800257177992,0.039349074626272115,0.044552616324104295,0.08265411104945945
162,0.07524140456593845,0.021040006998045285,-0.19723677204479662,0.03724275026682595,0.046410387659964095,0.08043973346945761
1131,0.07454715725746103,0.01925936068475826,-0.2016750067534243,0.03554952086745146,0.051305657386629545,0.08218892133305028
1623,0.07124173621087546,0.009777880517450849,0.1885917454014624,0.03147064586718614,0.04831322651018316,0.08373737565527742
1703,0.06908145673210753,0.01996044658214549,0.194532254784438,0.03298920969721427,0.04727618448820503,0.08287512282179413
859,0.07360472003643613,0.019198519106723058,-0.20095372080930934,0.03600182616119628,0.04573046467256965,0.08380048317121534
1612,0.07424549510170314,0.010729776910057658,0.18779377375984227,0.027814654974605793,0.04250112029157525,0.07706660787075315
1407,0.07089983909260851,0.016910986653906494,0.08823789529087994,0.03716300322541702,0.04660003544639433,0.07170200036873647
323,0.06911835000815224,0.011786714751898826,0.08714076472182083,0.031956170790719454,0.04016727863075626,0.07935992125894771
1794,0.070649134786258,0.011866415044497544,0.19044661729587606,0.03248434813500375,0.04330585752257492,0.08872762715854536
415,0.06839590127074392,0.016127065874013014,0.091774295883536,0.040935943722119776,0.052794220500341424,0.07969858213719862
1016,0.0767581376712756,0.01887736517691559,-0.2009475150428975,0.030226386835361503,0.04443651812367396,0.07880432283199752
1777,0.07285815428386443,0.014791728551905622,0.19015667402865272,0.025577392134666366,0.043599167090953794,0.0869755414357886
1227,0.07688154247137792,0.022209364297706712,-0.19834710823862825,0.03653271476261326,0.04519736191068839,0.08172008072339808
680,0.07424236870505957,0.015843974909302977,-0.19759943224012227,0.03151738722278935,0.04502285875189459,0.07983104713749542
24,0.08252179067034901,0.019258565532014195,-0.20165002293908105,0.031067738296556884,0.04263963814964986,0.08303061544562222
1077,0.07624236977935545,0.017029835966104804,-0.20103993403342646,0.03943689367155589,0.045685813770479596,0.08018525995092786
1348,0.08110496850124313,0.02060399627170077,-0.19928651420900353,0.03834357219647081,0.04076268561099631,0.07464710002947202
1241,0.07951079065317651,0.019877341105091175,-0.20043103214232533,0.037041214852585304,0.04794657554629532,0.08061756739547772
569,0.07640361947930309,0.015768397372739253,-0.19947889491227466,0.038446495465186116,0.04337974987665671,0.08148050426122871
424,0.07855028060444089,0.009516818054470223,0.08887871476400944,0.03190645461800628,0.04752630375320536,0.08920808463561357
984,0.07950160643950684,0.017966948743732645,-0.1965098128474991,0.03910996518501208,0.048419864043252665,0.07804907474426996
466,0.07257806806752876,0.015948004514478045,-0.1963347400252248,0.037871663959202675,0.04463002523845608,0.08589893112460989
1970,0.0727424074166419,0.012624543539429484,0.1895952966632703,0.030112373203443447,0.04175953448863027,0.08199791865238984
749,0.07538866646692577,0.017347346038667777,-0.1996847272204506,0.037421013828210024,0.044362056155033504,0.07640872887342615
853,0.07839153616429403,0.022593271664057064,-0.20380687639242806,0.03528521300471827,0.04895100879272601,0.08075931064499578
400,0.07632715099492302,0.016135901252175282,-0.20120762781657822,0.03676647442942854,0.05090989022170282,0.08576451286295814
113,0.07485767506090993,0.01922914460098661,-0.20161654437114954,0.03601414248347332,0.045991591620484884,0.08066431998555938
1816,0.06608172827130016,0.011906118991384208,0.1899799235328809,0.03147833418245137,0.0435297764973637,0.0787166982022969
1867,0.06500985692686724,0.012689512518505135,0.18868989259406985,0.030119745898744735,0.04886484541717627,0.08085284861173866
337,0.07255923050487881,0.016942426542748818,0.09259566636494532,0.030639660829653102,0.043344240963816644,0.08077812963374396
1627,0.07722753488571663,0.014435885239095312,0.1875318940195949,0.03358925857898835,0.04392355128797943,0.08464474664636282
413,0.0714845611089883,0.012369881778219632,0.08758483462125138,0.028514500020931838,0.04729886438476812,0.07998457671187666
1912,0.0741433256527266,0.01584055963061521,0.1918155142644773,0.0320583681284825,0.04548627743596389,0.07969744225402096
609,0.07434084145687252,0.02258775033637549,-0.19690373786463533,0.0368016881946203,0.04476472057140355,0.08284554806320885
1753,0.07455394099483778,0.01186683142682234,0.18802167417394136,0.028840777881539714,0.044732731371298635,0.08096590081089092
1073,0.06962841841853336,0.02045595866762081,-0.20464587239135604,0.033873320776444865,0.045979865804109406,0.08592960229898072
1861,0.06871809837962096,0.013058375037840462,0.1857683803716486,0.026539294568576642,0.03990401674373053,0.07817666595047935
524,0.07640000461420952,0.021417205971844,-0.20398256136152404,0.039310437884034606,0.04661992257309556,0.07825318405876654
736,0.07597007435876642,0.023457579902458996,-0.20524824288453292,0.03768498989490202,0.046587293667275737,0.07988674010488683
1015,0.07493042249350951,0.01974754567706501,-0.2018091630373066,0.0399983084091189,0.04461066840818405,0.08295592073250586
118,0.07581474975101175,0.018912568782154127,-0.20292501884697256,0.036244401346825134,0.044707805349154035,0.07602074676218591
190,0.07328748916050523,0.019536312867882797,-0.2017952445872625,0.03821296909914383,0.047800907307138436,0.0778157905939479
1295,0.07791865626502222,0.023578551067960578,-0.20101164121283066,0.03401265657593617,0.04461555298118886,0.08071525906295875
503,0.0755547555445147,0.01664331205418726,-0.19846273578988607,0.03728860798699293,0.049444567819378046,0.08212298678201843
862,0.07746152283947604,0.018499815426680534,-0.199665929175633,0.03978625093586514,0.0464535315921018,0.07946658334750938
688,0.07617479504248774,0.01971225057915249,0.09002042968848555,0.032786808361396885,0.042493604173843756,0.08205415281322259
418,0.07829292764925629,0.0226689555530619,-0.2024187895358341,0.035739514254200314,0.043547579035032445,0.07955071188523419
1124,0.07541060560212406,0.020122767969539056,-0.20286073245609956,0.037768946525379404,0.046712907681118195,0.07719582250388952
483,0.07524162284274537,-0.02291578921551248,0.09801445707186325,0.03706162421348858,0.051364318486871785,0.07522063391807625
922,0.07661882984253619,0.023926166842784494,-0.2005986664294916,0.039879583420142174,0.04257330347204945,0.08200687443015131
1188,0.07821504414889642,0.017249730124001487,-0.2019079288774517,0.03532270054134756,0.047177716285946046,0.08412463478278269
2064,0.06442015226286274,0.011578990536280916,0.18908656240597835,0.03663743073666351,0.045583879326984336,0.08508301941547573
1231,0.07229242340978714,0.017427266215773635,-0.20128803865792805,0.033976170978113,0.04577398322244132,0.08609084404006671
1364,0.07325406458623479,0.020697994466808003,-0.2015649052680253,0.039472970419749,0.04929336474593306,0.08270560964728339
1687,0.07307455546222606,0.013851647660013995,0.18876258149916453,0.034219449293910076,0.04585968882435956,0.07795074615833068
1243,0.07140686076924103,0.020429940273437745,-0.19814584870784877,0.03773308239694377,0.0465873244913983,0.08124703162387027
662,0.07581132225815976,0.018882891022249507,-0.20348638181519874,0.04122441651779575,0.04348185640809765,0.07752054204382483
1204,0.07938802977657336,0.014119804660910928,-0.20287520748002572,0.03912963483918716,0.04986052670122998,0.07989399244604935
54,0.0708082525257163,0.017003071647210023,-0.1997772970911189,0.037216951191391984,0.04676776314393825,0.08434711691559849
1146,0.07688593180346069,0.016780874568587918,-0.19823448344599826,0.037663679681400934,0.04247296062171942,0.08431299298317863
1565,0.07083265476140815,0.010110770387126012,0.18732789923337095,0.028162289087589328,0.04371360406988363,0.08180229868731098
535,0.06743151320602264,0.01053204022548725,0.08889343460761995,0.033441528760266646,0.03748135835060387,0.07519770365100951
1583,0.06360314608922621,0.00994641746395807,0.18840682733811917,0.03236421602528245,0.040005178900146175,0.0763795567746986
1479,0.07136438588274527,0.01465119463154067,0.19452862478364052,0.02966694414677053,0.04744927967269367,0.08092061177591457
1537,0.06815370093170268,0.009199418791443885,0.18605082379800875,0.03246836579165521,0.04126041494993979,0.08380961340967065
222,0.07212706166804966,0.018739252565056985,-0.20031022940264948,0.039341951851757595,0.047761717844880085,0.08512007368343319
1554,0.07275818148818072,0.01897171344634155,0.19618060551978853,0.03647635524622249,0.04321864162232995,0.0778622995380825
191,0.07613006037182148,0.01670253402518655,-0.1980060597097625,0.03815558073241179,0.04262022895246987,0.0858181294606968
1916,0.07468417890937436,0.014896194569040266,0.19065558014552922,0.0378926880191823,0.04593473039888303,0.08130138196759351
639,0.07583934050722496,0.018759598171199394,-0.19744984502722848,0.035115635835435144,0.04932824841266815,0.07982669479944696
796,0.07548838009450887,0.022182268948669343,-0.19614698376604028,0.035528716200157504,0.048729149356441265,0.08378933848234413
205,0.0785696333574175,0.017196695551994684,-0.1990491869802722,0.03956366335692997,0.043425569731664386,0.07982534006543664
1702,0.0717812886364048,0.012768312824875824,0.19028849768209902,0.029419480695956807,0.03516629498718089,0.07535513535768706
882,0.07348335679685376,0.015723260376093773,-0.19694636238047267,0.03671186173436419,0.043214634947359026,0.08004649201642573
590,0.07566877866346396,0.017628948811380763,-0.19977501783739934,0.032451396613049584,0.04467216656052579,0.07956458903082655
1374,0.071770570455923,0.019682874851501414,-0.20273194960164148,0.04012130535246679,0.046559384888989676,0.08353422172938284
1585,0.07717594333135083,0.017169033793886797,0.19084167456824214,0.02957024433277675,0.04359867123779984,0.08302888745087297
785,0.07370605598271271,0.016828482127147583,-0.20297164363147877,0.04080694873776176,0.04743347426146078,0.07773551399346972
2117,0.07304940611673415,0.0134589601830732,0.18788033583054772,0.02465145980732946,0.04405471753091378,0.0863279892550713
2007,0.07309056407504913,0.01176942703678008,0.18726968731036642,0.02846227231576895,0.04406450866698989,0.0772265293250682
2130,0.06968521966478966,0.017613485745488267,0.18950915314987277,0.03570176399976139,0.042228316328383815,0.08119761986265456
1248,0.0721076119972108,0.016255172027505663,-0.1997878709148809,0.03539872053373177,0.04562415528947238,0.08289946286094951
925,0.07486096088378048,0.01847030004462737,-0.19689030168202545,0.03243423102470342,0.04238595529099267,0.08810474492597105
1480,0.0701205357936439,0.013713703681062589,0.18681782311288395,0.027029290590137565,0.04568328404852385,0.07791452392288291
1372,0.07577212941960555,0.02257118902768124,-0.19888751934642054,0.04110447242199132,0.04860047095151504,0.08304289710144196
1533,0.06548861557712272,0.011240728867966066,0.18711076402224097,0.02903558344484726,0.04237609691349758,0.08338413183903996
746,0.07822403406568565,0.01678682672929707,-0.20320139605602486,0.03468529869169024,0.04989098206481258,0.0784382845874531
750,0.07275062174034122,0.016063652831098275,-0.19970762981069057,0.03397679797771711,0.0427573361949702,0.08019600499577119
1075,0.07526744438715323,0.020613149915178267,-0.1974382569150214,0.03934699648520318,0.04794086583142932,0.0816097239159202
823,0.07027033740088579,0.016286434628863977,-0.20069353659578068,0.03663991340998683,0.041538326638061944,0.07880606131800283
2047,0.06996487130833767,0.013543318521086251,0.19142910065419463,0.03292480616182506,0.041573661812640945,0.08367801484500505
1871,0.07000496743769409,0.0176339956399506,0.18713933687908246,0.036366842193221366,0.05015198091996226,0.08476939195572028
698,0.07350991786689152,0.022419222856353935,-0.2012990596427956,0.042566170771856114,0.04675569260883286,0.08187967646390637
1701,0.07230122768180935,0.01298246986594026,0.19005454637407185,0.03215047692391477,0.04741995807155262,0.08002403204230948
207,0.075165028361155,0.019788116885182987,-0.1995849859905462,0.03434982582105113,0.04091121320910961,0.08756812786480117
1841,0.07530250128204502,0.012355685107061063,0.18531765835405326,0.03217988502063695,0.04060002149553557,0.08165300160714964
187,0.07190191036879612,0.016202686648199818,-0.20023926331354294,0.03691063404495675,0.042410493465486004,0.07889864534482224
577,0.07680904666931812,0.02203317480970063,-0.20323986087825727,0.04091145225928268,0.04213537337283817,0.07802459487323748
263,0.07557104364045625,0.022036021438905554,-0.19801071570289408,0.03893796188494861,0.04330662149897275,0.08042553414981128
978,0.07698935454166259,0.015370546999271905,-0.19886776955915408,0.04306768260966613,0.04290032661155594,0.07877262955179475
481,0.07089279540452555,0.01586663140793545,0.0872154244709539,0.0339915894141856,0.039209301957989544,0.0807681297611006
586,0.0775762230460117,0.015477781675708496,-0.2059339876054918,0.03926388861930875,0.0483809843988938,0.08003522559038544
1133,0.07519462487212387,0.02252479769263548,-0.20473539771975338,0.04064744380905493,0.0439968473158721,0.07839018401297265
225,0.07349497495171659,0.016321839166704467,-0.19877788367962518,0.04150936128961734,0.048032177875171084,0.08263942871030223
394,0.07638540989400883,0.02081907203700024,-0.19720532166333055,0.034364032376638876,0.050147543320403214,0.07665209741974813
1125,0.07434626428887048,0.019455225163505376,-0.19825353467405432,0.03680177749013626,0.04552688758153039,0.08524702426301524
1449,0.07880018805529057,0.02051741780376607,-0.2027474566833353,0.04131154009485504,0.04856390430729102,0.08108572901459589
848,0.07364251932907019,0.018138408388706825,0.09110980765095256,0.03380959364431534,0.03605100894178265,0.07944141829960612
1395,0.07688226566539831,0.024921747140708075,-0.201722191216924,0.043018812572464746,0.046223695120808414,0.07648727835212131
995,0.07023216979098827,0.018434724591488445,-0.2043939116081491,0.04069951425013188,0.04504192209792509,0.07922806666801652
126,0.07709513697706814,0.019286316396073942,-0.19924186048393744,0.039910581248502885,0.04344815729009676,0.08140457863375529
144,0.07980454839662901,0.01823652802402292,-0.20198611546825043,0.03232461040632053,0.048312643511080736,0.08211732496120819
2099,0.06799314964036078,0.018176581515418046,0.1911712918054813,0.03398453260437995,0.046033676692243404,0.07877340228441035
1435,0.07661326167299205,0.016791395533586165,-0.20198173370696218,0.036613946128101246,0.04912016839456341,0.0798972112561287
490,0.06985371069999428,0.018439694345689744,-0.2023301772423406,0.03776167355086617,0.039734253412400077,0.07798971128174208
316,0.0765118522319671,0.0157871442072805,-0.20119461671919048,0.03360341167518758,0.045888053665310846,0.08402654336295504
1300,0.0786649607945842,0.02121816130969421,-0.20449441755698178,0.04033168038842295,0.04341578253109708,0.07829000723500663
1387,0.0724232013773604,0.019634110140717902,-0.19780691024692845,0.036155306984674195,0.04535191854234756,0.08187256053622392
966,0.07700269843140875,0.019854066838060385,-0.19990462840191078,0.032657282911992984,0.047731034863963684,0.07908356562711776
1129,0.07605200275839151,0.01448585507723812,-0.1992255783071111,0.03573259827894147,0.04357252585302568,0.0822598520107988
1451,0.07535401254844745,0.02196323517495075,-0.2038598240675555,0.03787263755249614,0.050863034965575475,0.0793517506700181
2010,0.0684003561587059,0.015020257560077875,0.1885610408405743,0.028620210090224696,0.04405502944300496,0.08250641738836798
2081,0.06675428775160218,0.015012076079297103,0.19174104930503286,0.03460645664647112,0.04456056232975367,0.08738743394772619
891,0.0715481170349174,0.01691651401748679,-0.19934401372720031,0.040765702003467214,0.046945397280211625,0.08193840679672633
1498,0.06822008768237058,0.016368940160341936,0.19521360041133437,0.03268797005148896,0.04726096986797347,0.08981134301611063
2163,0.0699604458290651,0.01394156039414955,0.18912644459520053,0.03218116324866307,0.04438702038661444,0.07930055416109379
690,0.07710013973201017,0.020644043319932817,-0.20089140537785116,0.03588398591235072,0.04534521930706247,0.07963651885640761
2077,0.07441669398280795,0.01310277686559995,0.19010315793757915,0.030715453556429385,0.04506789555993875,0.08643363183517222
304,0.07913089271389086,0.01999191314291373,-0.1980106105495978,0.03655213423157932,0.043094033365380334,0.08297370570942453
1324,0.07685365773320711,0.021784201918851536,-0.19825497145455603,0.037839440193241536,0.046853104901816774,0.08144860603498731
2113,0.0742694045312174,0.01323032697794189,0.19461995534889673,0.0339157850053561,0.0419033768937265,0.07808601584342668
1242,0.07946490309414476,0.019693343882237334,-0.1979486256734397,0.03810201749334237,0.04770377479097944,0.08448911448013474
386,0.07123904250820122,0.015342172108363788,-0.1993182694113947,0.04010085723138966,0.04484665638415273,0.07986696737065399
30,0.07548491442497963,0.01684317382679909,-0.2014572195134249,0.03757189894273875,0.04315186467038346,0.08048705252152705
1058,0.07263439453786887,0.0153675569879014,-0.19802967040541114,0.033314573690313785,0.04436930530972908,0.07938180020227188
72,0.08070776888763917,0.019761618339692383,-0.19757079240218625,0.038561027657980106,0.04428878168888359,0.08099593870550234
1297,0.0741020546390241,0.023237459036095438,-0.2029172822852728,0.031983114787568684,0.04979420292772084,0.07484215653908265
773,0.08092020486794253,0.019707360476834145,-0.20226176338497337,0.03674783585653166,0.04857141581555656,0.07973419098220734
905,0.074703461850916,0.01855512892840481,-0.20082015532344807,0.03469205089149747,0.04613799145251014,0.08333697563017764
1,0.07519801565464872,0.018742213061791007,-0.20356952314784735,0.034882106062757226,0.046823717766434715,0.08024384718741366
1808,0.07186469797812942,0.019103728155929946,0.18848307108509602,0.03174333053973674,0.04782796694939622,0.07963825400533703
934,0.07317694222694128,0.01574150758187455,0.09386379603354565,0.03252611641206279,0.04454686981914034,0.07953971693727441
1883,0.07012909405460548,0.010974659947901677,0.18763295250117626,0.032241868427699584,0.04536292778361683,0.08811864303936016
39,0.076207153920991,0.01883133847060501,-0.19869314314765335,0.032458353063066575,0.0410596230103126,0.08171082222191899
356,0.0746876909411628,0.0171139328681752,0.08209057078054813,0.031215144857173017,0.049488469613895844,0.07681149035014963
270,0.0715121846192421,0.016786229026324005,0.09226359084146013,0.03336322614001474,0.0502153165532247,0.07634624774018157
250,0.075339793594294,0.019700076547905603,-0.20075550380814502,0.03637937744524627,0.047991594834412996,0.0786888707326548
566,0.07560457748969597,0.017127364607431587,-0.2003114855502361,0.03546143581637467,0.04525872342839674,0.0787013569598649
365,0.07408278108493238,0.019376396358875347,-0.19759078154520518,0.03911429239382393,0.045829946828236934,0.08263498704024595
700,0.07663253321692451,0.019411452556901455,-0.201980220455462,0.039861338670859066,0.041926292952359626,0.0795562079239027
718,0.07567118175681396,0.019064209531644033,-0.2006370431824988,0.03968701591197729,0.0456024129959173,0.0816784416825072
260,0.07557295556276887,0.02330506110414355,-0.1954260545783644,0.037718326391065704,0.045979120082276274,0.08097947344751785
86,0.07803802213573281,0.015872025875727478,-0.20016191467310127,0.03864103489852724,0.04715531097431294,0.08048374536520086
1010,0.07442301358418382,0.020279441071181323,-0.20501361181282374,0.03893379867817504,0.05069901386968132,0.07779870812164963
1415,0.07141443309756393,0.019286450799791376,0.09626034694891382,0.034767542869402826,0.04970370315925764,0.08656858275753762
63,0.07001979427317558,0.017397083409968542,-0.20164545971134845,0.03606221503606057,0.04512107136360931,0.08150533923940093
2005,0.06708770673239572,0.015187816391029906,0.19234910383810572,0.024595967828318698,0.04169211428622998,0.08579125963090711
1470,0.07589252501094988,0.01188408145037013,0.1933376042095384,0.035855234813888616,0.044228058664196525,0.08120275796975283
1734,0.07257992816573472,0.010688174791025983,0.18668087430910046,0.03251622727545156,0.044184494167153636,0.07469314250968569
1428,0.07081564794247464,0.02222677197813144,-0.19397625788508804,0.03355842504359034,0.04237827535524661,0.0839835514397435
1956,0.07773853072145138,0.01306557738810169,0.192128232590257,0.037314071343696964,0.04778727883078025,0.07476254826392303
602,0.0759252299283994,0.02128550245359816,-0.20206201660193446,0.04136906734086751,0.04945007379388208,0.07982648582512732
1173,0.07401662152728497,0.02003531866781376,-0.19924625811847385,0.040176752372206304,0.04739111127457134,0.08114794731133838
1493,0.06887168249247348,0.010905258754267287,0.1890772551513925,0.036224535595326755,0.04155958836724334,0.0800375717912428
898,0.08079158016906796,0.020509584660461277,-0.204223287552746,0.034063054362222914,0.04886817231361963,0.08022999705703543
592,0.07468905951046002,0.016547071566184648,-0.20266398105076772,0.03641017323641169,0.04284772637265885,0.08118349544507265
1914,0.07409520018037326,0.010945046618100968,0.18646678447710874,0.029265648234574573,0.04640992485761939,0.07731963332111719
1564,0.067164485426706,0.01244526007509023,0.1937953007834917,0.03722019188475802,0.04186924417942488,0.07719308345411802
578,0.07498830444798958,0.0209683380364152,0.08747795485246147,0.03188752074767487,0.045104957130867686,0.08563704271924032
2040,0.07337808160380326,0.009705706340493125,0.18908111469621416,0.03226237358922752,0.04807878739719503,0.08111979860511817
2072,0.07407771980711124,0.020661153260196477,0.18876137890306147,0.03188807702882915,0.04017930913366135,0.08512578285669152
391,0.07108878097137455,0.013049593626550901,0.09060380372778679,0.028977780088130296,0.04514172861325783,0.0825800340668683
2022,0.07238171539396679,0.01274415055211265,0.18834233020256544,0.028487037418241573,0.04061500588437512,0.07979914618120733
2030,0.07168032273662774,0.011237417307752264,0.18942168353641428,0.029759195721597978,0.04559669969418517,0.0800590966961506
1832,0.07088490511550773,0.01516616395393998,0.1900837501697903,0.03173384086754531,0.03791319887948812,0.0833023452178944
101,0.07458602782947679,0.02469326478099014,-0.20117098544622755,0.03858904746975541,0.04910325957150373,0.08173618494730472
523,0.07362518874605191,0.013419546191323134,-0.19695054770353634,0.03442419649706357,0.040881684434154214,0.0867629112247948
1588,0.0715373209734678,0.012886347839933233,0.18682844123463144,0.03098369787076454,0.04419196817349842,0.07926429820589963
2026,0.07679551520670609,0.015039950755115926,0.19090738134301424,0.035732039914385026,0.04662487069553557,0.08456361967228034
1666,0.06914229804794596,0.011926093674880974,0.1873849578795286,0.02780103846508983,0.04900524148744232,0.07860692815334547
1574,0.07316495936665503,0.011679906924317723,0.1911411892419523,0.03007368051176439,0.04464446951535117,0.07959298335097434
1008,0.0748848742371707,0.014352488492056005,-0.203889169735867,0.03933534007057374,0.049144059536357594,0.07901577602390049
105,0.0743241586941441,0.018733194092545192,-0.19498964960958295,0.033421015585298836,0.04746310803553215,0.0763855411100288
917,0.07556778696477286,0.020023063420179718,-0.19961261142420722,0.03956415718556234,0.04248114777448109,0.0789131999946826
1420,0.0702991459471738,0.008239477098747408,0.08689376890573954,0.030805682659565358,0.04194637406142242,0.08802109079373899
864,0.0672945003013541,0.01234862631388657,0.09077637124508463,0.0301285977306355,0.03671810814171108,0.07790281242826874
1987,0.07199518520424175,0.014672860372706842,0.19097251838779336,0.03515411310883014,0.04471547050584198,0.08067516149196345
1507,0.0727071794180708,0.013550987046301107,0.18989049983680834,0.03179118108194604,0.0404934248916776,0.08393153390267102
556,0.06861783389134338,0.014668128642781057,0.09321664320271092,0.038128793679639277,0.057105203514358854,0.0799599618686186
453,0.08065393550257872,0.018686233379263263,-0.1987626193076933,0.03876758102524462,0.044398448477327095,0.08387767821674966
767,0.0807302223254186,0.018544612481153838,-0.20132952727076445,0.042158640192739884,0.050235155453461036,0.08076602334376451
707,0.0732684869780892,0.024159174104326338,-0.20206558640357164,0.03793040469224001,0.047293547795538786,0.076254615347998
1355,0.06975699132702484,0.020936196335039525,-0.20143316374820117,0.034669176613960545,0.04184121903642556,0.08400125021101872
1622,0.07374668231406478,0.018957723033110326,0.18803039303466523,0.0312522789250417,0.04355369042572909,0.07855144342021494
1791,0.06764474061292555,0.011566413018818942,0.1921843242007127,0.03173638682893326,0.04268805258628012,0.08217191898607128
1884,0.07582451182609752,0.01554681054721446,0.19239867992215748,0.03416487039082391,0.04491404820177338,0.08428574834175186
634,0.07248972827967397,0.01274116574723766,0.19031948698187043,0.03976652831956427,0.043400120520703404,0.08278632078217787
2139,0.07598665249315378,0.010953229608678242,0.1898409868817024,0.02626206566815107,0.04127005970825991,0.08055831415194589
1553,0.0746037094784995,0.013152488568938442,0.18669264184513096,0.027062191945235778,0.04142970681566438,0.08125738231142558
2177,0.07241906721646646,0.017346895186190623,0.18482082182608187,0.03026551397819603,0.04098266754566426,0.07913172285917534
1758,0.06841434870326163,0.020597429211385264,0.19315347508919062,0.03734554673614293,0.047161303701714896,0.08015227489880289
1659,0.07074064495476527,0.00815815406092806,0.19249059644360075,0.03176526642391759,0.04468649060792127,0.08113002393556067
1516,0.07167729680682747,0.009577464396310473,0.19158454500677105,0.03209168918556495,0.041964874001524766,0.07968453560460817
489,0.0756857847257572,0.020833254475104628,-0.19819406629592637,0.038315004806912745,0.04864552057815272,0.07828721240108337
594,0.07782869566737632,0.019006416015386315,-0.20082294128077624,0.03498397511306902,0.042810006463493096,0.08140264829708962
1900,0.07150921413570686,0.01434171650599658,0.19005398145932612,0.028756980617485123,0.04543390234505431,0.07947817672731418
655,0.07560922595722488,0.019397191120420546,-0.1952763378082679,0.03638250457370245,0.043975761126883325,0.08062156297208994
1253,0.07330968341916198,0.014849226485537947,-0.2008030626728033,0.03417365751524225,0.04779200155730115,0.08203420772789266
598,0.06881332241698615,0.01374516131242906,0.0905512681729265,0.03307362721674352,0.042390649597528175,0.07725597861521762
132,0.07658922523549946,0.022541590805795233,-0.19853634076912585,0.04110652805995075,0.04799423288542563,0.08440047073854907
1973,0.07436945119159295,0.01685858922622096,0.18436707794311175,0.03467689567797513,0.04091411614888725,0.0817018165456909
1771,0.07503168765358553,0.019859400795914115,0.19309684432130209,0.03432348321077832,0.043745365143244605,0.08471027886381952
1645,0.07094016186768277,0.011177795399532252,0.19462430610380926,0.031086377842996317,0.0473330455671996,0.07601126026027782
374,0.07463187258610772,0.02219079424605979,-0.19736268551016994,0.03901693078730231,0.04421006104836549,0.07610504610897086
2122,0.07204216281396635,0.014656554304150861,0.18834057326326742,0.03566714879873478,0.03863151798083986,0.08343117425919692
899,0.07680815759036858,0.020175218776144716,-0.20541796253768088,0.0408203555802756,0.051010643534836204,0.0783054219482077
1940,0.06890717072244613,0.010244508179095592,0.1885750040625578,0.03362880490884762,0.04100610428496016,0.08230453176484079
1116,0.07901373969096402,0.023771711739342876,-0.2064274132160671,0.03778595316387928,0.04667981583757557,0.08516239290689762
429,0.0769167087323808,0.015227777251033959,-0.19703073031865373,0.034988502666089855,0.046707408750623805,0.07863823698816368
1388,0.07561795861116043,0.0198903346803877,0.0906865561706886,0.03548665621169572,0.038190420000487134,0.08444010825129214
36,0.07773025817526406,0.016560463736191567,-0.20500039007220586,0.03743623865930478,0.04481208561145214,0.08258914949117906
1602,0.06311757622720293,0.00930649242998159,0.18856393055502668,0.03515243710140453,0.04819181976971169,0.08152476559352312
1045,0.07050592758956659,0.013666179437247761,-0.20162092411733912,0.03437754521114732,0.04666377916802004,0.08375377073318807
2100,0.06854240791937542,0.020878526060473763,0.18775784615525384,0.02754164303450056,0.04692094666907552,0.07686040142615704
277,0.07100464842173115,0.019260757806664038,-0.20402458382758232,0.033642365996314386,0.04291788134998545,0.08149756473275888
529,0.07633483911367861,0.020746756626661967,-0.20662276824926845,0.03271035512926533,0.04468121309533561,0.08228891028008203
1111,0.0746584233721175,0.016081120656093947,-0.20006671234758996,0.03747518851659315,0.040781725056859175,0.08249266708070796
1529,0.07549201646365462,0.014908005176456482,0.192026019439935,0.03375542556733068,0.044491932181744485,0.08953062818463528
2121,0.07728918499905953,0.013657360477919246,0.19097922392893996,0.03712769831334791,0.046114782096187,0.08504101387243349
1707,0.07318971314472011,0.010163872704647036,0.1843369099830952,0.029263649637630704,0.04180136684714967,0.07999306757334974
2029,0.0731539228605442,0.011621843425278862,0.18904516547713462,0.028109290592701962,0.048244517922489814,0.07892796980111899
957,0.0740892202280211,0.018450190950733022,-0.20291893506728775,0.03773803971170288,0.043997862104921445,0.07980431273975067
1610,0.06717205218564429,0.01772237332584018,0.194533630978031,0.029216607068750313,0.047506321550489936,0.07981738710500046
315,0.0743985285729485,0.016728371341669178,-0.2023085519463076,0.03460891154725747,0.04170387317021808,0.08269819528870646
701,0.07410150187819929,0.01844811463553537,-0.202399963462185,0.03131852615028153,0.04365938356593552,0.0825382523162289
748,0.07565609639456786,0.017233557837204715,-0.1966830563504656,0.0299891216727643,0.04373388006118347,0.0796271174526562
142,0.07480766421597551,0.018975271279765508,-0.19749130651120345,0.03684927568697321,0.045028957362818714,0.07760429610192256
302,0.07652117022896206,0.020696129619562045,-0.2024597252492288,0.03785285346766413,0.04760014232876022,0.07663679037928965
2101,0.06939590426986468,0.010073544265955336,0.1936858556921271,0.03399410265818161,0.04318707269528636,0.08272769346763227
583,0.07628815701450277,0.018707422190091267,-0.2010336774456445,0.03653673711237531,0.04501560337976839,0.08408992505593633
13,0.07727345812503074,0.021857516933088877,-0.20143234932343793,0.033709052436565794,0.043493943188215305,0.07816440902359266
588,0.06372190711681502,0.010340659699534906,0.1883352962219709,0.02488571785521245,0.04920549909636045,0.08236368669254358
1288,0.0764575467615708,0.014739202578356585,-0.20517471508788715,0.03646296477223951,0.04935842206287255,0.07971989976448161
266,0.07624806694694732,0.016987872869921972,-0.19761255537268896,0.040337629343590684,0.050244125304783255,0.08199304713204078
16,0.06451429207339594,0.016993030957592192,0.08845414049002943,0.03763465772424593,0.041478696111126125,0.06893282988877374
937,0.07354762558477798,0.02012577162778457,0.09513989212734002,0.03570841432994935,0.0418596512012831,0.08052878377405394
745,0.07598705414604487,0.020132173382755192,-0.19729352374929005,0.03777639477183103,0.041846589254463835,0.08047148656898197
1604,0.0722649809931627,0.017717916673644755,0.1912153536184707,0.03135114731114215,0.04589657203782969,0.08337631002199844
2170,0.06610583936219748,0.010612128329021217,0.18986784695327796,0.035018333742502024,0.04548002997375631,0.07743874558018596
2011,0.07225209307118703,0.012447672840742675,0.19443041864013336,0.03580388863189321,0.04717101229473851,0.07677555628594879
439,0.07809733844270593,0.018265141299040232,-0.19974437661186437,0.032461360686753635,0.047921832252000425,0.08160073130692731
896,0.07771223963874137,0.018309656221284,0.0936116747122831,0.036293612555965506,0.05016871027719315,0.08356636519418656
1088,0.07749140637162319,0.016717274538782353,-0.2030022862665407,0.041317083176796165,0.046399242146917576,0.08152874721972146
203,0.07361492724251323,0.018296678014114522,-0.20045769678940065,0.03511629657849764,0.04719289875891331,0.08436160745901695
608,0.07449624127600116,0.013162933227956728,0.09643080955209088,0.038629473126251215,0.04324137723301399,0.08413277703456166
114,0.07698042966664836,0.019467878043094897,-0.19763818818784454,0.03389808541641895,0.048013983726141185,0.07808904090931663
778,0.07280617062618877,0.017803147326809952,-0.20521198879031802,0.03529613161695576,0.044263023639806616,0.08077360132252115
1788,0.07074713125626705,0.01817486655165546,0.19190768772026773,0.028503120295258557,0.04141879858982117,0.08621422499053989
152,0.07981805553662794,0.015570621113793627,-0.2053154877198525,0.041693205200352544,0.04741614496091512,0.0774498648691381
1373,0.07612902575243087,0.02254466570699362,-0.19630934950076281,0.02902644218266876,0.0506639106743472,0.08142825190865664
1359,0.07369656506665843,0.023695590467760156,-0.20504395182115565,0.03766207621301926,0.04852369333114436,0.0854868159936612
116,0.07707898066066032,0.01940290372524783,-0.20047564942338736,0.03909481156672725,0.046700876377038306,0.08020537295381353
1117,0.076551247627471,0.019918467062205146,-0.20067364248350644,0.037277366416654745,0.04429572159681141,0.0853990139888915
110,0.07410336402593863,0.01954448874925806,-0.20061952650468998,0.03938921387034037,0.043638479005192875,0.08193096127045445
1291,0.07050947618204116,0.019319244773012764,-0.20255302457029326,0.03758365198920056,0.047281814182648395,0.08125994769537782
1072,0.07254200170481068,0.017934542184293887,-0.2007203993474262,0.0369887099330426,0.0416087362558636,0.07544016031993737
807,0.0730786696095501,0.020904910120633623,-0.19656425130924193,0.03625254543776197,0.0440335340033921,0.08094880846931056
1149,0.07868130825737922,0.022375841967738813,-0.20059657012806312,0.03726588904916217,0.04751398311203673,0.08005155117531272
335,0.07445709064296135,0.01478124132400793,0.0873461092973176,0.03284927479869387,0.04726792297208465,0.08036040533723607
462,0.07384894839757268,0.01591423077173661,-0.20038614325182963,0.04025127125619504,0.04564973362359218,0.07727160878220517
471,0.0758436168728481,0.02096976436724261,-0.19896026720267346,0.0375660594768657,0.04424952332279081,0.0733668067827267
938,0.07636530038059675,0.02064727280792115,-0.19955036830047507,0.037846772956124666,0.043867342455617145,0.08116649559754623
1527,0.06703708463507074,0.015217959323902672,0.08753864418760735,0.02956152983107938,0.04692505783497348,0.07717097792648163
213,0.077690410618457,0.017215409425682726,-0.1961435878991264,0.03855702368427372,0.043424396288031575,0.08091093470004669
927,0.07295605284854807,0.023445336640992565,-0.1998486344928099,0.03888179827896628,0.04562714978583394,0.07389419271764197
193,0.07383423630436646,0.020621362540479787,-0.20406810552931204,0.04373180822168834,0.048277103811571055,0.08309317121436302
475,0.07400925550505093,0.017217043546286163,-0.20252308226606935,0.03667393535704465,0.0427579025189944,0.08770056941797268
2128,0.07078776156895848,0.01472259492593182,0.1965451815099017,0.03224833003866192,0.04137679978669715,0.07802797836779779
369,0.07383736787666488,0.019852031000781794,-0.20457607142731912,0.03554411514904277,0.04427525467870482,0.07956451600003121
591,0.07561834718187484,-0.0215331975668536,-0.20519677585371268,0.038344856932336656,0.04587361079931955,0.08097464236618544
85,0.0743545966405542,0.01937671717838738,-0.20022594582567846,0.03934245226436344,0.04927820494285234,0.08154631869950363
2111,0.07452687243183496,0.01471496571852964,0.18453456265903664,0.029345099378740497,0.042632482456275086,0.08259940938319045
300,0.07208268115519541,0.015922923121336283,-0.20120075420106848,0.03733699633467678,0.045503274728068956,0.07951895264388668
1918,0.069598270697441,0.01953057833601801,0.18883491780593842,0.03633855137933246,0.040066825701439754,0.08330707727718639
1939,0.07965634206201695,0.012185702377557096,0.19175599362948142,0.030164811372940387,0.045283962269386836,0.08010559257726589
585,0.07651497117989403,0.02045536802925645,-0.19861965022781966,0.035216679363037365,0.04584125668360773,0.08280060189197959
167,0.07323773041514577,0.016923998712201686,-0.19738745999522095,0.03345336387258667,0.04670891176707957,0.08202365159842752
1343,0.07474285722769412,0.012923762071529262,0.09377392915012037,0.03593206357498446,0.05045089155956484,0.08639747589383275
939,0.07322038688879993,0.015561671538254995,-0.19989272431215713,0.03727011830769606,0.04138482997657776,0.0838716617825147
851,0.07448710412885672,0.022373829348708477,-0.20166175604950237,0.03367241575789693,0.04610278513130102,0.08027344825162032
1804,0.07108973862986973,0.008898185869217362,0.18814457186652306,0.03292850260002001,0.042095953097408954,0.07510667021819693
381,0.07829466866044386,0.011293765096547928,0.08936664238784166,0.039249090511701945,0.04309897687907143,0.07965091174459164
1327,0.07569912883208156,0.01493891353269012,-0.20278963414363219,0.042195781974854615,0.04515565576248145,0.08127633081718286
232,0.07701707525527929,0.017079834875827312,-0.1950613241225397,0.037360829702915835,0.0451536554098667,0.08381897152859646
